SIZE	FILE	SAMPLE	IS_UPLOADED	IS_BIGGER_LOCAL	SRC	DEST	TO_UPLOAD
10346555542	GM06985-J-0.bam	GM06985	FALSE	FALSE	/net/eichler/vol28/projects/long_read_archive/nobackups/sharing/incoming/1KG_Kinnex/SCRI_mergedBams/GM06985-J-0.bam	s3://1000g-ont/Kinnex/kinnex_1KGP/data/raw/GM06985/GM06985-J-0.flnc.bam$	FALSE
12840805716	GM11919-J-0.bam	GM11919	FALSE	FALSE	/net/eichler/vol28/projects/long_read_archive/nobackups/sharing/incoming/1KG_Kinnex/SCRI_mergedBams/GM11919-J-0.bam	s3://1000g-ont/Kinnex/kinnex_1KGP/data/raw/GM11919/GM11919-J-0.flnc.bam$	FALSE
15390597068	GM12003-J-0.bam	GM12003	FALSE	TRUE	/net/eichler/vol28/projects/long_read_archive/nobackups/sharing/incoming/1KG_Kinnex/SCRI_mergedBams/GM12003-J-0.bam	s3://1000g-ont/Kinnex/kinnex_1KGP/data/raw/GM12003/GM12003-J-0.flnc.bam$	TRUE
13411781233	GM12005-W-0.bam	GM12005	FALSE	FALSE	/net/eichler/vol28/projects/long_read_archive/nobackups/sharing/incoming/1KG_Kinnex/SCRI_mergedBams/GM12005-W-0.bam	s3://1000g-ont/Kinnex/kinnex_1KGP/data/raw/GM12005/GM12005-W-0.flnc.bam$	FALSE
15253449871	GM12046-J-0.bam	GM12046	FALSE	TRUE	/net/eichler/vol28/projects/long_read_archive/nobackups/sharing/incoming/1KG_Kinnex/SCRI_mergedBams/GM12046-J-0.bam	s3://1000g-ont/Kinnex/kinnex_1KGP/data/raw/GM12046/GM12046-J-0.flnc.bam$	TRUE
13046955844	GM12275-J-0.bam	GM12275	FALSE	TRUE	/net/eichler/vol28/projects/long_read_archive/nobackups/sharing/incoming/1KG_Kinnex/SCRI_mergedBams/GM12275-J-0.bam	s3://1000g-ont/Kinnex/kinnex_1KGP/data/raw/GM12275/GM12275-J-0.flnc.bam$	TRUE
22306666232	GM12286-J-0.bam	GM12286	FALSE	FALSE	/net/eichler/vol28/projects/long_read_archive/nobackups/sharing/incoming/1KG_Kinnex/SCRI_mergedBams/GM12286-J-0.bam	s3://1000g-ont/Kinnex/kinnex_1KGP/data/raw/GM12286/GM12286-J-0.flnc.bam$	FALSE
16491085591	GM12383-W-0.bam	GM12383	FALSE	TRUE	/net/eichler/vol28/projects/long_read_archive/nobackups/sharing/incoming/1KG_Kinnex/SCRI_mergedBams/GM12383-W-0.bam	s3://1000g-ont/Kinnex/kinnex_1KGP/data/raw/GM12383/GM12383-W-0.flnc.bam$	TRUE
15447627849	GM12414-J-0.bam	GM12414	FALSE	TRUE	/net/eichler/vol28/projects/long_read_archive/nobackups/sharing/incoming/1KG_Kinnex/SCRI_mergedBams/GM12414-J-0.bam	s3://1000g-ont/Kinnex/kinnex_1KGP/data/raw/GM12414/GM12414-J-0.flnc.bam$	TRUE
14567573163	GM12546-J-0.bam	GM12546	FALSE	TRUE	/net/eichler/vol28/projects/long_read_archive/nobackups/sharing/incoming/1KG_Kinnex/SCRI_mergedBams/GM12546-J-0.bam	s3://1000g-ont/Kinnex/kinnex_1KGP/data/raw/GM12546/GM12546-J-0.flnc.bam$	TRUE
14579548388	GM12718-J-0.bam	GM12718	FALSE	TRUE	/net/eichler/vol28/projects/long_read_archive/nobackups/sharing/incoming/1KG_Kinnex/SCRI_mergedBams/GM12718-J-0.bam	s3://1000g-ont/Kinnex/kinnex_1KGP/data/raw/GM12718/GM12718-J-0.flnc.bam$	TRUE
16972837496	GM12762-J-0.bam	GM12762	FALSE	TRUE	/net/eichler/vol28/projects/long_read_archive/nobackups/sharing/incoming/1KG_Kinnex/SCRI_mergedBams/GM12762-J-0.bam	s3://1000g-ont/Kinnex/kinnex_1KGP/data/raw/GM12762/GM12762-J-0.flnc.bam$	TRUE
12817700080	GM12763-W-0.bam	GM12763	FALSE	FALSE	/net/eichler/vol28/projects/long_read_archive/nobackups/sharing/incoming/1KG_Kinnex/SCRI_mergedBams/GM12763-W-0.bam	s3://1000g-ont/Kinnex/kinnex_1KGP/data/raw/GM12763/GM12763-W-0.flnc.bam$	FALSE
11715610879	GM12778-J-0.bam	GM12778	FALSE	FALSE	/net/eichler/vol28/projects/long_read_archive/nobackups/sharing/incoming/1KG_Kinnex/SCRI_mergedBams/GM12778-J-0.bam	s3://1000g-ont/Kinnex/kinnex_1KGP/data/raw/GM12778/GM12778-J-0.flnc.bam$	FALSE
14258674570	GM12812-J-0.bam	GM12812	FALSE	FALSE	/net/eichler/vol28/projects/long_read_archive/nobackups/sharing/incoming/1KG_Kinnex/SCRI_mergedBams/GM12812-J-0.bam	s3://1000g-ont/Kinnex/kinnex_1KGP/data/raw/GM12812/GM12812-J-0.flnc.bam$	FALSE
23818924322	GM12813-W-0.bam	GM12813	FALSE	TRUE	/net/eichler/vol28/projects/long_read_archive/nobackups/sharing/incoming/1KG_Kinnex/SCRI_mergedBams/GM12813-W-0.bam	s3://1000g-ont/Kinnex/kinnex_1KGP/data/raw/GM12813/GM12813-W-0.flnc.bam$	TRUE
13363864816	GM12827-W-0.bam	GM12827	FALSE	TRUE	/net/eichler/vol28/projects/long_read_archive/nobackups/sharing/incoming/1KG_Kinnex/SCRI_mergedBams/GM12827-W-0.bam	s3://1000g-ont/Kinnex/kinnex_1KGP/data/raw/GM12827/GM12827-W-0.flnc.bam$	TRUE
16734924952	GM12843-J-0.bam	GM12843	FALSE	TRUE	/net/eichler/vol28/projects/long_read_archive/nobackups/sharing/incoming/1KG_Kinnex/SCRI_mergedBams/GM12843-J-0.bam	s3://1000g-ont/Kinnex/kinnex_1KGP/data/raw/GM12843/GM12843-J-0.flnc.bam$	TRUE
15794871724	GM12878-J-0.bam	GM12878	FALSE	TRUE	/net/eichler/vol28/projects/long_read_archive/nobackups/sharing/incoming/1KG_Kinnex/SCRI_mergedBams/GM12878-J-0.bam	s3://1000g-ont/Kinnex/kinnex_1KGP/data/raw/GM12878/GM12878-J-0.flnc.bam$	TRUE
12226282929	GM18486-J-0.bam	GM18486	FALSE	FALSE	/net/eichler/vol28/projects/long_read_archive/nobackups/sharing/incoming/1KG_Kinnex/SCRI_mergedBams/GM18486-J-0.bam	s3://1000g-ont/Kinnex/kinnex_1KGP/data/raw/GM18486/GM18486-J-0.flnc.bam$	FALSE
11789038372	GM18501-J-0.bam	GM18501	FALSE	FALSE	/net/eichler/vol28/projects/long_read_archive/nobackups/sharing/incoming/1KG_Kinnex/SCRI_mergedBams/GM18501-J-0.bam	s3://1000g-ont/Kinnex/kinnex_1KGP/data/raw/GM18501/GM18501-J-0.flnc.bam$	FALSE
18397439089	GM18507-J-0.bam	GM18507	FALSE	FALSE	/net/eichler/vol28/projects/long_read_archive/nobackups/sharing/incoming/1KG_Kinnex/SCRI_mergedBams/GM18507-J-0.bam	s3://1000g-ont/Kinnex/kinnex_1KGP/data/raw/GM18507/GM18507-J-0.flnc.bam$	FALSE
14449019277	GM18516-J-0.bam	GM18516	FALSE	FALSE	/net/eichler/vol28/projects/long_read_archive/nobackups/sharing/incoming/1KG_Kinnex/SCRI_mergedBams/GM18516-J-0.bam	s3://1000g-ont/Kinnex/kinnex_1KGP/data/raw/GM18516/GM18516-J-0.flnc.bam$	FALSE
15753460516	GM18531-J-0.bam	GM18531	FALSE	FALSE	/net/eichler/vol28/projects/long_read_archive/nobackups/sharing/incoming/1KG_Kinnex/SCRI_mergedBams/GM18531-J-0.bam	s3://1000g-ont/Kinnex/kinnex_1KGP/data/raw/GM18531/GM18531-J-0.flnc.bam$	FALSE
14350485558	GM18535-J-0.bam	GM18535	FALSE	FALSE	/net/eichler/vol28/projects/long_read_archive/nobackups/sharing/incoming/1KG_Kinnex/SCRI_mergedBams/GM18535-J-0.bam	s3://1000g-ont/Kinnex/kinnex_1KGP/data/raw/GM18535/GM18535-J-0.flnc.bam$	FALSE
17003343437	GM18536-J-0.bam	GM18536	FALSE	TRUE	/net/eichler/vol28/projects/long_read_archive/nobackups/sharing/incoming/1KG_Kinnex/SCRI_mergedBams/GM18536-J-0.bam	s3://1000g-ont/Kinnex/kinnex_1KGP/data/raw/GM18536/GM18536-J-0.flnc.bam$	TRUE
16984254363	GM18553-J-0.bam	GM18553	FALSE	TRUE	/net/eichler/vol28/projects/long_read_archive/nobackups/sharing/incoming/1KG_Kinnex/SCRI_mergedBams/GM18553-J-0.bam	s3://1000g-ont/Kinnex/kinnex_1KGP/data/raw/GM18553/GM18553-J-0.flnc.bam$	TRUE
14324349999	GM18555-J-0.bam	GM18555	FALSE	TRUE	/net/eichler/vol28/projects/long_read_archive/nobackups/sharing/incoming/1KG_Kinnex/SCRI_mergedBams/GM18555-J-0.bam	s3://1000g-ont/Kinnex/kinnex_1KGP/data/raw/GM18555/GM18555-J-0.flnc.bam$	TRUE
29815606548	GM18558-J-0.bam	GM18558	FALSE	TRUE	/net/eichler/vol28/projects/long_read_archive/nobackups/sharing/incoming/1KG_Kinnex/SCRI_mergedBams/GM18558-J-0.bam	s3://1000g-ont/Kinnex/kinnex_1KGP/data/raw/GM18558/GM18558-J-0.flnc.bam$	TRUE
14299324970	GM18574-J-0.bam	GM18574	FALSE	FALSE	/net/eichler/vol28/projects/long_read_archive/nobackups/sharing/incoming/1KG_Kinnex/SCRI_mergedBams/GM18574-J-0.bam	s3://1000g-ont/Kinnex/kinnex_1KGP/data/raw/GM18574/GM18574-J-0.flnc.bam$	FALSE
13979604647	GM18609-J-0.bam	GM18609	TRUE	TRUE	/net/eichler/vol28/projects/long_read_archive/nobackups/sharing/incoming/1KG_Kinnex/SCRI_mergedBams/GM18609-J-0.bam	s3://1000g-ont/Kinnex/kinnex_1KGP/data/raw/GM18609/GM18609-J-0.flnc.bam$	FALSE
21541587087	GM18621-J-0.bam	GM18621	FALSE	TRUE	/net/eichler/vol28/projects/long_read_archive/nobackups/sharing/incoming/1KG_Kinnex/SCRI_mergedBams/GM18621-J-0.bam	s3://1000g-ont/Kinnex/kinnex_1KGP/data/raw/GM18621/GM18621-J-0.flnc.bam$	TRUE
13305748006	GM18638-W-0.bam	GM18638	FALSE	FALSE	/net/eichler/vol28/projects/long_read_archive/nobackups/sharing/incoming/1KG_Kinnex/SCRI_mergedBams/GM18638-W-0.bam	s3://1000g-ont/Kinnex/kinnex_1KGP/data/raw/GM18638/GM18638-W-0.flnc.bam$	FALSE
42984807568	GM18640-W-0.bam	GM18640	FALSE	TRUE	/net/eichler/vol28/projects/long_read_archive/nobackups/sharing/incoming/1KG_Kinnex/SCRI_mergedBams/GM18640-W-0.bam	s3://1000g-ont/Kinnex/kinnex_1KGP/data/raw/GM18640/GM18640-W-0.flnc.bam$	TRUE
16119738596	GM18643-W-0.bam	GM18643	FALSE	TRUE	/net/eichler/vol28/projects/long_read_archive/nobackups/sharing/incoming/1KG_Kinnex/SCRI_mergedBams/GM18643-W-0.bam	s3://1000g-ont/Kinnex/kinnex_1KGP/data/raw/GM18643/GM18643-W-0.flnc.bam$	TRUE
11334601141	GM18644-W-0.bam	GM18644	FALSE	TRUE	/net/eichler/vol28/projects/long_read_archive/nobackups/sharing/incoming/1KG_Kinnex/SCRI_mergedBams/GM18644-W-0.bam	s3://1000g-ont/Kinnex/kinnex_1KGP/data/raw/GM18644/GM18644-W-0.flnc.bam$	TRUE
13614887668	GM18646-W-0.bam	GM18646	TRUE	FALSE	/net/eichler/vol28/projects/long_read_archive/nobackups/sharing/incoming/1KG_Kinnex/SCRI_mergedBams/GM18646-W-0.bam	s3://1000g-ont/Kinnex/kinnex_1KGP/data/raw/GM18646/GM18646-W-0.flnc.bam$	FALSE
14596066545	GM18853-J-0.bam	GM18853	FALSE	FALSE	/net/eichler/vol28/projects/long_read_archive/nobackups/sharing/incoming/1KG_Kinnex/SCRI_mergedBams/GM18853-J-0.bam	s3://1000g-ont/Kinnex/kinnex_1KGP/data/raw/GM18853/GM18853-J-0.flnc.bam$	FALSE
12472403466	GM18861-J-1.bam	GM18861	TRUE	FALSE	/net/eichler/vol28/projects/long_read_archive/nobackups/sharing/incoming/1KG_Kinnex/SCRI_mergedBams/GM18861-J-1.bam	s3://1000g-ont/Kinnex/kinnex_1KGP/data/raw/GM18861/GM18861-J-1.flnc.bam$	FALSE
12429455074	GM18861-J-2.bam	GM18861	TRUE	FALSE	/net/eichler/vol28/projects/long_read_archive/nobackups/sharing/incoming/1KG_Kinnex/SCRI_mergedBams/GM18861-J-2.bam	s3://1000g-ont/Kinnex/kinnex_1KGP/data/raw/GM18861/GM18861-J-2.flnc.bam$	FALSE
27283640086	GM18877-J-0.bam	GM18877	FALSE	TRUE	/net/eichler/vol28/projects/long_read_archive/nobackups/sharing/incoming/1KG_Kinnex/SCRI_mergedBams/GM18877-J-0.bam	s3://1000g-ont/Kinnex/kinnex_1KGP/data/raw/GM18877/GM18877-J-0.flnc.bam$	TRUE
18253786194	GM18879-J-0.bam	GM18879	FALSE	TRUE	/net/eichler/vol28/projects/long_read_archive/nobackups/sharing/incoming/1KG_Kinnex/SCRI_mergedBams/GM18879-J-0.bam	s3://1000g-ont/Kinnex/kinnex_1KGP/data/raw/GM18879/GM18879-J-0.flnc.bam$	TRUE
11549074055	GM18924-J-0.bam	GM18924	FALSE	FALSE	/net/eichler/vol28/projects/long_read_archive/nobackups/sharing/incoming/1KG_Kinnex/SCRI_mergedBams/GM18924-J-0.bam	s3://1000g-ont/Kinnex/kinnex_1KGP/data/raw/GM18924/GM18924-J-0.flnc.bam$	FALSE
12533261429	GM18939-W-0.bam	GM18939	FALSE	TRUE	/net/eichler/vol28/projects/long_read_archive/nobackups/sharing/incoming/1KG_Kinnex/SCRI_mergedBams/GM18939-W-0.bam	s3://1000g-ont/Kinnex/kinnex_1KGP/data/raw/GM18939/GM18939-W-0.flnc.bam$	TRUE
16027005036	GM18948-J-0.bam	GM18948	FALSE	TRUE	/net/eichler/vol28/projects/long_read_archive/nobackups/sharing/incoming/1KG_Kinnex/SCRI_mergedBams/GM18948-J-0.bam	s3://1000g-ont/Kinnex/kinnex_1KGP/data/raw/GM18948/GM18948-J-0.flnc.bam$	TRUE
13411405519	GM18954-J-0.bam	GM18954	FALSE	FALSE	/net/eichler/vol28/projects/long_read_archive/nobackups/sharing/incoming/1KG_Kinnex/SCRI_mergedBams/GM18954-J-0.bam	s3://1000g-ont/Kinnex/kinnex_1KGP/data/raw/GM18954/GM18954-J-0.flnc.bam$	FALSE
14989022129	GM18956-J-0.bam	GM18956	FALSE	FALSE	/net/eichler/vol28/projects/long_read_archive/nobackups/sharing/incoming/1KG_Kinnex/SCRI_mergedBams/GM18956-J-0.bam	s3://1000g-ont/Kinnex/kinnex_1KGP/data/raw/GM18956/GM18956-J-0.flnc.bam$	FALSE
12881746086	GM18963-J-0.bam	GM18963	FALSE	TRUE	/net/eichler/vol28/projects/long_read_archive/nobackups/sharing/incoming/1KG_Kinnex/SCRI_mergedBams/GM18963-J-0.bam	s3://1000g-ont/Kinnex/kinnex_1KGP/data/raw/GM18963/GM18963-J-0.flnc.bam$	TRUE
12852035322	GM18971-J-0.bam	GM18971	FALSE	TRUE	/net/eichler/vol28/projects/long_read_archive/nobackups/sharing/incoming/1KG_Kinnex/SCRI_mergedBams/GM18971-J-0.bam	s3://1000g-ont/Kinnex/kinnex_1KGP/data/raw/GM18971/GM18971-J-0.flnc.bam$	TRUE
15865664075	GM18987-J-0.bam	GM18987	FALSE	TRUE	/net/eichler/vol28/projects/long_read_archive/nobackups/sharing/incoming/1KG_Kinnex/SCRI_mergedBams/GM18987-J-0.bam	s3://1000g-ont/Kinnex/kinnex_1KGP/data/raw/GM18987/GM18987-J-0.flnc.bam$	TRUE
17713461048	GM19010-J-0.bam	GM19010	FALSE	TRUE	/net/eichler/vol28/projects/long_read_archive/nobackups/sharing/incoming/1KG_Kinnex/SCRI_mergedBams/GM19010-J-0.bam	s3://1000g-ont/Kinnex/kinnex_1KGP/data/raw/GM19010/GM19010-J-0.flnc.bam$	TRUE
12892606121	GM19028-J-0.bam	GM19028	FALSE	FALSE	/net/eichler/vol28/projects/long_read_archive/nobackups/sharing/incoming/1KG_Kinnex/SCRI_mergedBams/GM19028-J-0.bam	s3://1000g-ont/Kinnex/kinnex_1KGP/data/raw/GM19028/GM19028-J-0.flnc.bam$	FALSE
17095073600	GM19038-J-0.bam	GM19038	FALSE	TRUE	/net/eichler/vol28/projects/long_read_archive/nobackups/sharing/incoming/1KG_Kinnex/SCRI_mergedBams/GM19038-J-0.bam	s3://1000g-ont/Kinnex/kinnex_1KGP/data/raw/GM19038/GM19038-J-0.flnc.bam$	TRUE
16462988693	GM19068-J-0.bam	GM19068	FALSE	TRUE	/net/eichler/vol28/projects/long_read_archive/nobackups/sharing/incoming/1KG_Kinnex/SCRI_mergedBams/GM19068-J-0.bam	s3://1000g-ont/Kinnex/kinnex_1KGP/data/raw/GM19068/GM19068-J-0.flnc.bam$	TRUE
13504411686	GM19070-W-0.bam	GM19070	FALSE	TRUE	/net/eichler/vol28/projects/long_read_archive/nobackups/sharing/incoming/1KG_Kinnex/SCRI_mergedBams/GM19070-W-0.bam	s3://1000g-ont/Kinnex/kinnex_1KGP/data/raw/GM19070/GM19070-W-0.flnc.bam$	TRUE
11938982543	GM19075-J-0.bam	GM19075	FALSE	FALSE	/net/eichler/vol28/projects/long_read_archive/nobackups/sharing/incoming/1KG_Kinnex/SCRI_mergedBams/GM19075-J-0.bam	s3://1000g-ont/Kinnex/kinnex_1KGP/data/raw/GM19075/GM19075-J-0.flnc.bam$	FALSE
14661707654	GM19077-J-0.bam	GM19077	TRUE	FALSE	/net/eichler/vol28/projects/long_read_archive/nobackups/sharing/incoming/1KG_Kinnex/SCRI_mergedBams/GM19077-J-0.bam	s3://1000g-ont/Kinnex/kinnex_1KGP/data/raw/GM19077/GM19077-J-0.flnc.bam$	FALSE
17688841428	GM19080-J-0.bam	GM19080	FALSE	TRUE	/net/eichler/vol28/projects/long_read_archive/nobackups/sharing/incoming/1KG_Kinnex/SCRI_mergedBams/GM19080-J-0.bam	s3://1000g-ont/Kinnex/kinnex_1KGP/data/raw/GM19080/GM19080-J-0.flnc.bam$	TRUE
12680458891	GM19081-J-0.bam	GM19081	TRUE	FALSE	/net/eichler/vol28/projects/long_read_archive/nobackups/sharing/incoming/1KG_Kinnex/SCRI_mergedBams/GM19081-J-0.bam	s3://1000g-ont/Kinnex/kinnex_1KGP/data/raw/GM19081/GM19081-J-0.flnc.bam$	FALSE
12552603013	GM19082-W-0.bam	GM19082	FALSE	TRUE	/net/eichler/vol28/projects/long_read_archive/nobackups/sharing/incoming/1KG_Kinnex/SCRI_mergedBams/GM19082-W-0.bam	s3://1000g-ont/Kinnex/kinnex_1KGP/data/raw/GM19082/GM19082-W-0.flnc.bam$	TRUE
13893778678	GM19085-W-0.bam	GM19085	FALSE	TRUE	/net/eichler/vol28/projects/long_read_archive/nobackups/sharing/incoming/1KG_Kinnex/SCRI_mergedBams/GM19085-W-0.bam	s3://1000g-ont/Kinnex/kinnex_1KGP/data/raw/GM19085/GM19085-W-0.flnc.bam$	TRUE
13874628647	GM19088-W-0.bam	GM19088	FALSE	TRUE	/net/eichler/vol28/projects/long_read_archive/nobackups/sharing/incoming/1KG_Kinnex/SCRI_mergedBams/GM19088-W-0.bam	s3://1000g-ont/Kinnex/kinnex_1KGP/data/raw/GM19088/GM19088-W-0.flnc.bam$	TRUE
15187286763	GM19095-J-0.bam	GM19095	TRUE	FALSE	/net/eichler/vol28/projects/long_read_archive/nobackups/sharing/incoming/1KG_Kinnex/SCRI_mergedBams/GM19095-J-0.bam	s3://1000g-ont/Kinnex/kinnex_1KGP/data/raw/GM19095/GM19095-J-0.flnc.bam$	FALSE
13087905314	GM19095-J-1.bam	GM19095	TRUE	FALSE	/net/eichler/vol28/projects/long_read_archive/nobackups/sharing/incoming/1KG_Kinnex/SCRI_mergedBams/GM19095-J-1.bam	s3://1000g-ont/Kinnex/kinnex_1KGP/data/raw/GM19095/GM19095-J-1.flnc.bam$	FALSE
12368822672	GM19095-J-2.bam	GM19095	TRUE	FALSE	/net/eichler/vol28/projects/long_read_archive/nobackups/sharing/incoming/1KG_Kinnex/SCRI_mergedBams/GM19095-J-2.bam	s3://1000g-ont/Kinnex/kinnex_1KGP/data/raw/GM19095/GM19095-J-2.flnc.bam$	FALSE
18078318623	GM19129-J-0.bam	GM19129	FALSE	TRUE	/net/eichler/vol28/projects/long_read_archive/nobackups/sharing/incoming/1KG_Kinnex/SCRI_mergedBams/GM19129-J-0.bam	s3://1000g-ont/Kinnex/kinnex_1KGP/data/raw/GM19129/GM19129-J-0.flnc.bam$	TRUE
20213101895	GM19226-W-0.bam	GM19226	FALSE	TRUE	/net/eichler/vol28/projects/long_read_archive/nobackups/sharing/incoming/1KG_Kinnex/SCRI_mergedBams/GM19226-W-0.bam	s3://1000g-ont/Kinnex/kinnex_1KGP/data/raw/GM19226/GM19226-W-0.flnc.bam$	TRUE
14368468019	GM19236-W-0.bam	GM19236	FALSE	TRUE	/net/eichler/vol28/projects/long_read_archive/nobackups/sharing/incoming/1KG_Kinnex/SCRI_mergedBams/GM19236-W-0.bam	s3://1000g-ont/Kinnex/kinnex_1KGP/data/raw/GM19236/GM19236-W-0.flnc.bam$	TRUE
21014913998	GM19238-J-0.bam	GM19238	FALSE	TRUE	/net/eichler/vol28/projects/long_read_archive/nobackups/sharing/incoming/1KG_Kinnex/SCRI_mergedBams/GM19238-J-0.bam	s3://1000g-ont/Kinnex/kinnex_1KGP/data/raw/GM19238/GM19238-J-0.flnc.bam$	TRUE
15339720650	GM19249-W-0.bam	GM19249	FALSE	TRUE	/net/eichler/vol28/projects/long_read_archive/nobackups/sharing/incoming/1KG_Kinnex/SCRI_mergedBams/GM19249-W-0.bam	s3://1000g-ont/Kinnex/kinnex_1KGP/data/raw/GM19249/GM19249-W-0.flnc.bam$	TRUE
13369829157	GM19309-W-0.bam	GM19309	FALSE	FALSE	/net/eichler/vol28/projects/long_read_archive/nobackups/sharing/incoming/1KG_Kinnex/SCRI_mergedBams/GM19309-W-0.bam	s3://1000g-ont/Kinnex/kinnex_1KGP/data/raw/GM19309/GM19309-W-0.flnc.bam$	FALSE
16742002700	GM19312-J-0.bam	GM19312	FALSE	TRUE	/net/eichler/vol28/projects/long_read_archive/nobackups/sharing/incoming/1KG_Kinnex/SCRI_mergedBams/GM19312-J-0.bam	s3://1000g-ont/Kinnex/kinnex_1KGP/data/raw/GM19312/GM19312-J-0.flnc.bam$	TRUE
14448701830	GM19332-J-0.bam	GM19332	FALSE	TRUE	/net/eichler/vol28/projects/long_read_archive/nobackups/sharing/incoming/1KG_Kinnex/SCRI_mergedBams/GM19332-J-0.bam	s3://1000g-ont/Kinnex/kinnex_1KGP/data/raw/GM19332/GM19332-J-0.flnc.bam$	TRUE
13708682352	GM19334-J-0.bam	GM19334	FALSE	FALSE	/net/eichler/vol28/projects/long_read_archive/nobackups/sharing/incoming/1KG_Kinnex/SCRI_mergedBams/GM19334-J-0.bam	s3://1000g-ont/Kinnex/kinnex_1KGP/data/raw/GM19334/GM19334-J-0.flnc.bam$	FALSE
16413118303	GM19338-J-0.bam	GM19338	FALSE	FALSE	/net/eichler/vol28/projects/long_read_archive/nobackups/sharing/incoming/1KG_Kinnex/SCRI_mergedBams/GM19338-J-0.bam	s3://1000g-ont/Kinnex/kinnex_1KGP/data/raw/GM19338/GM19338-J-0.flnc.bam$	FALSE
12497094767	GM19351-J-0.bam	GM19351	FALSE	TRUE	/net/eichler/vol28/projects/long_read_archive/nobackups/sharing/incoming/1KG_Kinnex/SCRI_mergedBams/GM19351-J-0.bam	s3://1000g-ont/Kinnex/kinnex_1KGP/data/raw/GM19351/GM19351-J-0.flnc.bam$	TRUE
12661665016	GM19374-J-0.bam	GM19374	FALSE	FALSE	/net/eichler/vol28/projects/long_read_archive/nobackups/sharing/incoming/1KG_Kinnex/SCRI_mergedBams/GM19374-J-0.bam	s3://1000g-ont/Kinnex/kinnex_1KGP/data/raw/GM19374/GM19374-J-0.flnc.bam$	FALSE
13399890368	GM19377-J-0.bam	GM19377	FALSE	TRUE	/net/eichler/vol28/projects/long_read_archive/nobackups/sharing/incoming/1KG_Kinnex/SCRI_mergedBams/GM19377-J-0.bam	s3://1000g-ont/Kinnex/kinnex_1KGP/data/raw/GM19377/GM19377-J-0.flnc.bam$	TRUE
16417559052	GM19404-J-0.bam	GM19404	FALSE	TRUE	/net/eichler/vol28/projects/long_read_archive/nobackups/sharing/incoming/1KG_Kinnex/SCRI_mergedBams/GM19404-J-0.bam	s3://1000g-ont/Kinnex/kinnex_1KGP/data/raw/GM19404/GM19404-J-0.flnc.bam$	TRUE
14137588370	GM19438-J-0.bam	GM19438	FALSE	FALSE	/net/eichler/vol28/projects/long_read_archive/nobackups/sharing/incoming/1KG_Kinnex/SCRI_mergedBams/GM19438-J-0.bam	s3://1000g-ont/Kinnex/kinnex_1KGP/data/raw/GM19438/GM19438-J-0.flnc.bam$	FALSE
14374426502	GM19449-J-0.bam	GM19449	FALSE	FALSE	/net/eichler/vol28/projects/long_read_archive/nobackups/sharing/incoming/1KG_Kinnex/SCRI_mergedBams/GM19449-J-0.bam	s3://1000g-ont/Kinnex/kinnex_1KGP/data/raw/GM19449/GM19449-J-0.flnc.bam$	FALSE
14476379124	GM19462-W-0.bam	GM19462	FALSE	FALSE	/net/eichler/vol28/projects/long_read_archive/nobackups/sharing/incoming/1KG_Kinnex/SCRI_mergedBams/GM19462-W-0.bam	s3://1000g-ont/Kinnex/kinnex_1KGP/data/raw/GM19462/GM19462-W-0.flnc.bam$	FALSE
17954687875	GM19474-W-0.bam	GM19474	FALSE	TRUE	/net/eichler/vol28/projects/long_read_archive/nobackups/sharing/incoming/1KG_Kinnex/SCRI_mergedBams/GM19474-W-0.bam	s3://1000g-ont/Kinnex/kinnex_1KGP/data/raw/GM19474/GM19474-W-0.flnc.bam$	TRUE
15869381871	GM19654-J-0.bam	GM19654	FALSE	TRUE	/net/eichler/vol28/projects/long_read_archive/nobackups/sharing/incoming/1KG_Kinnex/SCRI_mergedBams/GM19654-J-0.bam	s3://1000g-ont/Kinnex/kinnex_1KGP/data/raw/GM19654/GM19654-J-0.flnc.bam$	TRUE
12313051556	GM19676-J-0.bam	GM19676	FALSE	TRUE	/net/eichler/vol28/projects/long_read_archive/nobackups/sharing/incoming/1KG_Kinnex/SCRI_mergedBams/GM19676-J-0.bam	s3://1000g-ont/Kinnex/kinnex_1KGP/data/raw/GM19676/GM19676-J-0.flnc.bam$	TRUE
16258135188	GM19682-J-0.bam	GM19682	FALSE	FALSE	/net/eichler/vol28/projects/long_read_archive/nobackups/sharing/incoming/1KG_Kinnex/SCRI_mergedBams/GM19682-J-0.bam	s3://1000g-ont/Kinnex/kinnex_1KGP/data/raw/GM19682/GM19682-J-0.flnc.bam$	FALSE
15755623457	GM19713-J-0.bam	GM19713	FALSE	FALSE	/net/eichler/vol28/projects/long_read_archive/nobackups/sharing/incoming/1KG_Kinnex/SCRI_mergedBams/GM19713-J-0.bam	s3://1000g-ont/Kinnex/kinnex_1KGP/data/raw/GM19713/GM19713-J-0.flnc.bam$	FALSE
12991659272	GM19717-J-0.bam	GM19717	FALSE	FALSE	/net/eichler/vol28/projects/long_read_archive/nobackups/sharing/incoming/1KG_Kinnex/SCRI_mergedBams/GM19717-J-0.bam	s3://1000g-ont/Kinnex/kinnex_1KGP/data/raw/GM19717/GM19717-J-0.flnc.bam$	FALSE
17327892321	GM19723-J-0.bam	GM19723	FALSE	TRUE	/net/eichler/vol28/projects/long_read_archive/nobackups/sharing/incoming/1KG_Kinnex/SCRI_mergedBams/GM19723-J-0.bam	s3://1000g-ont/Kinnex/kinnex_1KGP/data/raw/GM19723/GM19723-J-0.flnc.bam$	TRUE
27638137615	GM19732-J-0.bam	GM19732	FALSE	TRUE	/net/eichler/vol28/projects/long_read_archive/nobackups/sharing/incoming/1KG_Kinnex/SCRI_mergedBams/GM19732-J-0.bam	s3://1000g-ont/Kinnex/kinnex_1KGP/data/raw/GM19732/GM19732-J-0.flnc.bam$	TRUE
15713434621	GM19741-J-0.bam	GM19741	FALSE	TRUE	/net/eichler/vol28/projects/long_read_archive/nobackups/sharing/incoming/1KG_Kinnex/SCRI_mergedBams/GM19741-J-0.bam	s3://1000g-ont/Kinnex/kinnex_1KGP/data/raw/GM19741/GM19741-J-0.flnc.bam$	TRUE
15553362424	GM19761-J-0.bam	GM19761	TRUE	TRUE	/net/eichler/vol28/projects/long_read_archive/nobackups/sharing/incoming/1KG_Kinnex/SCRI_mergedBams/GM19761-J-0.bam	s3://1000g-ont/Kinnex/kinnex_1KGP/data/raw/GM19761/GM19761-J-0.flnc.bam$	FALSE
13376143463	GM19762-J-0.bam	GM19762	FALSE	TRUE	/net/eichler/vol28/projects/long_read_archive/nobackups/sharing/incoming/1KG_Kinnex/SCRI_mergedBams/GM19762-J-0.bam	s3://1000g-ont/Kinnex/kinnex_1KGP/data/raw/GM19762/GM19762-J-0.flnc.bam$	TRUE
12923244592	GM19783-W-0.bam	GM19783	FALSE	FALSE	/net/eichler/vol28/projects/long_read_archive/nobackups/sharing/incoming/1KG_Kinnex/SCRI_mergedBams/GM19783-W-0.bam	s3://1000g-ont/Kinnex/kinnex_1KGP/data/raw/GM19783/GM19783-W-0.flnc.bam$	FALSE
14094277031	GM19787-W-0.bam	GM19787	FALSE	FALSE	/net/eichler/vol28/projects/long_read_archive/nobackups/sharing/incoming/1KG_Kinnex/SCRI_mergedBams/GM19787-W-0.bam	s3://1000g-ont/Kinnex/kinnex_1KGP/data/raw/GM19787/GM19787-W-0.flnc.bam$	FALSE
13378244474	GM19788-J-0.bam	GM19788	FALSE	FALSE	/net/eichler/vol28/projects/long_read_archive/nobackups/sharing/incoming/1KG_Kinnex/SCRI_mergedBams/GM19788-J-0.bam	s3://1000g-ont/Kinnex/kinnex_1KGP/data/raw/GM19788/GM19788-J-0.flnc.bam$	FALSE
12290161843	GM19789-J-0.bam	GM19789	FALSE	FALSE	/net/eichler/vol28/projects/long_read_archive/nobackups/sharing/incoming/1KG_Kinnex/SCRI_mergedBams/GM19789-J-0.bam	s3://1000g-ont/Kinnex/kinnex_1KGP/data/raw/GM19789/GM19789-J-0.flnc.bam$	FALSE
12666179774	GM19792-W-0.bam	GM19792	FALSE	FALSE	/net/eichler/vol28/projects/long_read_archive/nobackups/sharing/incoming/1KG_Kinnex/SCRI_mergedBams/GM19792-W-0.bam	s3://1000g-ont/Kinnex/kinnex_1KGP/data/raw/GM19792/GM19792-W-0.flnc.bam$	FALSE
12810386292	GM19795-J-0.bam	GM19795	FALSE	FALSE	/net/eichler/vol28/projects/long_read_archive/nobackups/sharing/incoming/1KG_Kinnex/SCRI_mergedBams/GM19795-J-0.bam	s3://1000g-ont/Kinnex/kinnex_1KGP/data/raw/GM19795/GM19795-J-0.flnc.bam$	FALSE
14164982955	GM19795-W-0.bam	GM19795	FALSE	FALSE	/net/eichler/vol28/projects/long_read_archive/nobackups/sharing/incoming/1KG_Kinnex/SCRI_mergedBams/GM19795-W-0.bam	s3://1000g-ont/Kinnex/kinnex_1KGP/data/raw/GM19795/GM19795-W-0.flnc.bam$	FALSE
12043359030	GM19908-J-0.bam	GM19908	FALSE	FALSE	/net/eichler/vol28/projects/long_read_archive/nobackups/sharing/incoming/1KG_Kinnex/SCRI_mergedBams/GM19908-J-0.bam	s3://1000g-ont/Kinnex/kinnex_1KGP/data/raw/GM19908/GM19908-J-0.flnc.bam$	FALSE
14145149195	GM19913-J-0.bam	GM19913	FALSE	TRUE	/net/eichler/vol28/projects/long_read_archive/nobackups/sharing/incoming/1KG_Kinnex/SCRI_mergedBams/GM19913-J-0.bam	s3://1000g-ont/Kinnex/kinnex_1KGP/data/raw/GM19913/GM19913-J-0.flnc.bam$	TRUE
14273416578	GM19920-W-0.bam	GM19920	FALSE	FALSE	/net/eichler/vol28/projects/long_read_archive/nobackups/sharing/incoming/1KG_Kinnex/SCRI_mergedBams/GM19920-W-0.bam	s3://1000g-ont/Kinnex/kinnex_1KGP/data/raw/GM19920/GM19920-W-0.flnc.bam$	FALSE
15583243699	GM19922-J-0.bam	GM19922	FALSE	TRUE	/net/eichler/vol28/projects/long_read_archive/nobackups/sharing/incoming/1KG_Kinnex/SCRI_mergedBams/GM19922-J-0.bam	s3://1000g-ont/Kinnex/kinnex_1KGP/data/raw/GM19922/GM19922-J-0.flnc.bam$	TRUE
34657873314	GM19923-J-0.bam	GM19923	FALSE	TRUE	/net/eichler/vol28/projects/long_read_archive/nobackups/sharing/incoming/1KG_Kinnex/SCRI_mergedBams/GM19923-J-0.bam	s3://1000g-ont/Kinnex/kinnex_1KGP/data/raw/GM19923/GM19923-J-0.flnc.bam$	TRUE
16107801265	GM20291-W-0.bam	GM20291	FALSE	TRUE	/net/eichler/vol28/projects/long_read_archive/nobackups/sharing/incoming/1KG_Kinnex/SCRI_mergedBams/GM20291-W-0.bam	s3://1000g-ont/Kinnex/kinnex_1KGP/data/raw/GM20291/GM20291-W-0.flnc.bam$	TRUE
14843176045	GM20298-J-0.bam	GM20298	FALSE	TRUE	/net/eichler/vol28/projects/long_read_archive/nobackups/sharing/incoming/1KG_Kinnex/SCRI_mergedBams/GM20298-J-0.bam	s3://1000g-ont/Kinnex/kinnex_1KGP/data/raw/GM20298/GM20298-J-0.flnc.bam$	TRUE
13005735745	GM20299-W-0.bam	GM20299	FALSE	FALSE	/net/eichler/vol28/projects/long_read_archive/nobackups/sharing/incoming/1KG_Kinnex/SCRI_mergedBams/GM20299-W-0.bam	s3://1000g-ont/Kinnex/kinnex_1KGP/data/raw/GM20299/GM20299-W-0.flnc.bam$	FALSE
18319328210	GM20317-J-0.bam	GM20317	FALSE	TRUE	/net/eichler/vol28/projects/long_read_archive/nobackups/sharing/incoming/1KG_Kinnex/SCRI_mergedBams/GM20317-J-0.bam	s3://1000g-ont/Kinnex/kinnex_1KGP/data/raw/GM20317/GM20317-J-0.flnc.bam$	TRUE
15435228962	GM20320-J-0.bam	GM20320	FALSE	TRUE	/net/eichler/vol28/projects/long_read_archive/nobackups/sharing/incoming/1KG_Kinnex/SCRI_mergedBams/GM20320-J-0.bam	s3://1000g-ont/Kinnex/kinnex_1KGP/data/raw/GM20320/GM20320-J-0.flnc.bam$	TRUE
12953940081	GM20321-W-0.bam	GM20321	FALSE	FALSE	/net/eichler/vol28/projects/long_read_archive/nobackups/sharing/incoming/1KG_Kinnex/SCRI_mergedBams/GM20321-W-0.bam	s3://1000g-ont/Kinnex/kinnex_1KGP/data/raw/GM20321/GM20321-W-0.flnc.bam$	FALSE
19703133043	GM20334-J-0.bam	GM20334	FALSE	TRUE	/net/eichler/vol28/projects/long_read_archive/nobackups/sharing/incoming/1KG_Kinnex/SCRI_mergedBams/GM20334-J-0.bam	s3://1000g-ont/Kinnex/kinnex_1KGP/data/raw/GM20334/GM20334-J-0.flnc.bam$	TRUE
16211107350	GM20339-W-0.bam	GM20339	FALSE	TRUE	/net/eichler/vol28/projects/long_read_archive/nobackups/sharing/incoming/1KG_Kinnex/SCRI_mergedBams/GM20339-W-0.bam	s3://1000g-ont/Kinnex/kinnex_1KGP/data/raw/GM20339/GM20339-W-0.flnc.bam$	TRUE
11501585128	GM20351-W-0.bam	GM20351	FALSE	TRUE	/net/eichler/vol28/projects/long_read_archive/nobackups/sharing/incoming/1KG_Kinnex/SCRI_mergedBams/GM20351-W-0.bam	s3://1000g-ont/Kinnex/kinnex_1KGP/data/raw/GM20351/GM20351-W-0.flnc.bam$	TRUE
15075155050	GM20355-W-0.bam	GM20355	FALSE	FALSE	/net/eichler/vol28/projects/long_read_archive/nobackups/sharing/incoming/1KG_Kinnex/SCRI_mergedBams/GM20355-W-0.bam	s3://1000g-ont/Kinnex/kinnex_1KGP/data/raw/GM20355/GM20355-W-0.flnc.bam$	FALSE
14201454338	GM20358-W-0.bam	GM20358	FALSE	TRUE	/net/eichler/vol28/projects/long_read_archive/nobackups/sharing/incoming/1KG_Kinnex/SCRI_mergedBams/GM20358-W-0.bam	s3://1000g-ont/Kinnex/kinnex_1KGP/data/raw/GM20358/GM20358-W-0.flnc.bam$	TRUE
37725209099	GM20507-J-0.bam	GM20507	FALSE	TRUE	/net/eichler/vol28/projects/long_read_archive/nobackups/sharing/incoming/1KG_Kinnex/SCRI_mergedBams/GM20507-J-0.bam	s3://1000g-ont/Kinnex/kinnex_1KGP/data/raw/GM20507/GM20507-J-0.flnc.bam$	TRUE
15787241791	GM20522-J-0.bam	GM20522	FALSE	TRUE	/net/eichler/vol28/projects/long_read_archive/nobackups/sharing/incoming/1KG_Kinnex/SCRI_mergedBams/GM20522-J-0.bam	s3://1000g-ont/Kinnex/kinnex_1KGP/data/raw/GM20522/GM20522-J-0.flnc.bam$	TRUE
15133048958	GM20525-J-0.bam	GM20525	FALSE	FALSE	/net/eichler/vol28/projects/long_read_archive/nobackups/sharing/incoming/1KG_Kinnex/SCRI_mergedBams/GM20525-J-0.bam	s3://1000g-ont/Kinnex/kinnex_1KGP/data/raw/GM20525/GM20525-J-0.flnc.bam$	FALSE
17285803858	GM20525-J-1.bam	GM20525	FALSE	FALSE	/net/eichler/vol28/projects/long_read_archive/nobackups/sharing/incoming/1KG_Kinnex/SCRI_mergedBams/GM20525-J-1.bam	s3://1000g-ont/Kinnex/kinnex_1KGP/data/raw/GM20525/GM20525-J-1.flnc.bam$	FALSE
14078134123	GM20525-J-2.bam	GM20525	FALSE	FALSE	/net/eichler/vol28/projects/long_read_archive/nobackups/sharing/incoming/1KG_Kinnex/SCRI_mergedBams/GM20525-J-2.bam	s3://1000g-ont/Kinnex/kinnex_1KGP/data/raw/GM20525/GM20525-J-2.flnc.bam$	FALSE
12722879768	GM20525-W-0.bam	GM20525	FALSE	FALSE	/net/eichler/vol28/projects/long_read_archive/nobackups/sharing/incoming/1KG_Kinnex/SCRI_mergedBams/GM20525-W-0.bam	s3://1000g-ont/Kinnex/kinnex_1KGP/data/raw/GM20525/GM20525-W-0.flnc.bam$	FALSE
18603038796	GM20525-W-1.bam	GM20525	FALSE	TRUE	/net/eichler/vol28/projects/long_read_archive/nobackups/sharing/incoming/1KG_Kinnex/SCRI_mergedBams/GM20525-W-1.bam	s3://1000g-ont/Kinnex/kinnex_1KGP/data/raw/GM20525/GM20525-W-1.flnc.bam$	TRUE
16620165854	GM20525-W-2.bam	GM20525	FALSE	FALSE	/net/eichler/vol28/projects/long_read_archive/nobackups/sharing/incoming/1KG_Kinnex/SCRI_mergedBams/GM20525-W-2.bam	s3://1000g-ont/Kinnex/kinnex_1KGP/data/raw/GM20525/GM20525-W-2.flnc.bam$	FALSE
15814668801	GM20532-J-0.bam	GM20532	FALSE	TRUE	/net/eichler/vol28/projects/long_read_archive/nobackups/sharing/incoming/1KG_Kinnex/SCRI_mergedBams/GM20532-J-0.bam	s3://1000g-ont/Kinnex/kinnex_1KGP/data/raw/GM20532/GM20532-J-0.flnc.bam$	TRUE
15664867924	GM20587-J-0.bam	GM20587	FALSE	FALSE	/net/eichler/vol28/projects/long_read_archive/nobackups/sharing/incoming/1KG_Kinnex/SCRI_mergedBams/GM20587-J-0.bam	s3://1000g-ont/Kinnex/kinnex_1KGP/data/raw/GM20587/GM20587-J-0.flnc.bam$	FALSE
13600410610	GM20762-J-0.bam	GM20762	FALSE	FALSE	/net/eichler/vol28/projects/long_read_archive/nobackups/sharing/incoming/1KG_Kinnex/SCRI_mergedBams/GM20762-J-0.bam	s3://1000g-ont/Kinnex/kinnex_1KGP/data/raw/GM20762/GM20762-J-0.flnc.bam$	FALSE
15062441580	GM20764-J-0.bam	GM20764	FALSE	TRUE	/net/eichler/vol28/projects/long_read_archive/nobackups/sharing/incoming/1KG_Kinnex/SCRI_mergedBams/GM20764-J-0.bam	s3://1000g-ont/Kinnex/kinnex_1KGP/data/raw/GM20764/GM20764-J-0.flnc.bam$	TRUE
13975340035	GM20771-J-0.bam	GM20771	FALSE	TRUE	/net/eichler/vol28/projects/long_read_archive/nobackups/sharing/incoming/1KG_Kinnex/SCRI_mergedBams/GM20771-J-0.bam	s3://1000g-ont/Kinnex/kinnex_1KGP/data/raw/GM20771/GM20771-J-0.flnc.bam$	TRUE
24249848968	GM20797-J-0.bam	GM20797	TRUE	TRUE	/net/eichler/vol28/projects/long_read_archive/nobackups/sharing/incoming/1KG_Kinnex/SCRI_mergedBams/GM20797-J-0.bam	s3://1000g-ont/Kinnex/kinnex_1KGP/data/raw/GM20797/GM20797-J-0.flnc.bam$	FALSE
20269539258	GM20797-J-1.bam	GM20797	TRUE	TRUE	/net/eichler/vol28/projects/long_read_archive/nobackups/sharing/incoming/1KG_Kinnex/SCRI_mergedBams/GM20797-J-1.bam	s3://1000g-ont/Kinnex/kinnex_1KGP/data/raw/GM20797/GM20797-J-1.flnc.bam$	FALSE
18058067770	GM20797-J-2.bam	GM20797	TRUE	TRUE	/net/eichler/vol28/projects/long_read_archive/nobackups/sharing/incoming/1KG_Kinnex/SCRI_mergedBams/GM20797-J-2.bam	s3://1000g-ont/Kinnex/kinnex_1KGP/data/raw/GM20797/GM20797-J-2.flnc.bam$	FALSE
18859767424	GM20811-J-0.bam	GM20811	TRUE	TRUE	/net/eichler/vol28/projects/long_read_archive/nobackups/sharing/incoming/1KG_Kinnex/SCRI_mergedBams/GM20811-J-0.bam	s3://1000g-ont/Kinnex/kinnex_1KGP/data/raw/GM20811/GM20811-J-0.flnc.bam$	FALSE
15546312571	GM20815-J-0.bam	GM20815	FALSE	FALSE	/net/eichler/vol28/projects/long_read_archive/nobackups/sharing/incoming/1KG_Kinnex/SCRI_mergedBams/GM20815-J-0.bam	s3://1000g-ont/Kinnex/kinnex_1KGP/data/raw/GM20815/GM20815-J-0.flnc.bam$	FALSE
32253773540	GM20815-J-1.bam	GM20815	FALSE	TRUE	/net/eichler/vol28/projects/long_read_archive/nobackups/sharing/incoming/1KG_Kinnex/SCRI_mergedBams/GM20815-J-1.bam	s3://1000g-ont/Kinnex/kinnex_1KGP/data/raw/GM20815/GM20815-J-1.flnc.bam$	TRUE
25107875623	GM20815-J-1a.bam	GM20815-J-1a.bam	FALSE	TRUE	/net/eichler/vol28/projects/long_read_archive/nobackups/sharing/incoming/1KG_Kinnex/SCRI_mergedBams/GM20815-J-1a.bam	s3://1000g-ont/Kinnex/kinnex_1KGP/data/raw/GM20815-J-1a.bam/GM20815-J-1a.flnc.bam$	TRUE
25937559734	GM20815-J-2.bam	GM20815	FALSE	TRUE	/net/eichler/vol28/projects/long_read_archive/nobackups/sharing/incoming/1KG_Kinnex/SCRI_mergedBams/GM20815-J-2.bam	s3://1000g-ont/Kinnex/kinnex_1KGP/data/raw/GM20815/GM20815-J-2.flnc.bam$	TRUE
26280098182	GM20815-J-2a.bam	GM20815-J-2a.bam	FALSE	TRUE	/net/eichler/vol28/projects/long_read_archive/nobackups/sharing/incoming/1KG_Kinnex/SCRI_mergedBams/GM20815-J-2a.bam	s3://1000g-ont/Kinnex/kinnex_1KGP/data/raw/GM20815-J-2a.bam/GM20815-J-2a.flnc.bam$	TRUE
13914040404	GM20815-W-0.bam	GM20815	FALSE	FALSE	/net/eichler/vol28/projects/long_read_archive/nobackups/sharing/incoming/1KG_Kinnex/SCRI_mergedBams/GM20815-W-0.bam	s3://1000g-ont/Kinnex/kinnex_1KGP/data/raw/GM20815/GM20815-W-0.flnc.bam$	FALSE
21094417413	GM20815-W-1.bam	GM20815	FALSE	TRUE	/net/eichler/vol28/projects/long_read_archive/nobackups/sharing/incoming/1KG_Kinnex/SCRI_mergedBams/GM20815-W-1.bam	s3://1000g-ont/Kinnex/kinnex_1KGP/data/raw/GM20815/GM20815-W-1.flnc.bam$	TRUE
19373644239	GM20815-W-2.bam	GM20815	FALSE	FALSE	/net/eichler/vol28/projects/long_read_archive/nobackups/sharing/incoming/1KG_Kinnex/SCRI_mergedBams/GM20815-W-2.bam	s3://1000g-ont/Kinnex/kinnex_1KGP/data/raw/GM20815/GM20815-W-2.flnc.bam$	FALSE
17078220836	GM20819-W-0.bam	GM20819	FALSE	TRUE	/net/eichler/vol28/projects/long_read_archive/nobackups/sharing/incoming/1KG_Kinnex/SCRI_mergedBams/GM20819-W-0.bam	s3://1000g-ont/Kinnex/kinnex_1KGP/data/raw/GM20819/GM20819-W-0.flnc.bam$	TRUE
23361614131	GM20821-W-0.bam	GM20821	TRUE	TRUE	/net/eichler/vol28/projects/long_read_archive/nobackups/sharing/incoming/1KG_Kinnex/SCRI_mergedBams/GM20821-W-0.bam	s3://1000g-ont/Kinnex/kinnex_1KGP/data/raw/GM20821/GM20821-W-0.flnc.bam$	FALSE
15741464860	GM20822-J-0.bam	GM20822	FALSE	TRUE	/net/eichler/vol28/projects/long_read_archive/nobackups/sharing/incoming/1KG_Kinnex/SCRI_mergedBams/GM20822-J-0.bam	s3://1000g-ont/Kinnex/kinnex_1KGP/data/raw/GM20822/GM20822-J-0.flnc.bam$	TRUE
12537784418	GM20828-W-0.bam	GM20828	FALSE	TRUE	/net/eichler/vol28/projects/long_read_archive/nobackups/sharing/incoming/1KG_Kinnex/SCRI_mergedBams/GM20828-W-0.bam	s3://1000g-ont/Kinnex/kinnex_1KGP/data/raw/GM20828/GM20828-W-0.flnc.bam$	TRUE
13850106508	GM20832-W-0.bam	GM20832	TRUE	TRUE	/net/eichler/vol28/projects/long_read_archive/nobackups/sharing/incoming/1KG_Kinnex/SCRI_mergedBams/GM20832-W-0.bam	s3://1000g-ont/Kinnex/kinnex_1KGP/data/raw/GM20832/GM20832-W-0.flnc.bam$	FALSE
16201454093	GM20847-J-0.bam	GM20847	FALSE	TRUE	/net/eichler/vol28/projects/long_read_archive/nobackups/sharing/incoming/1KG_Kinnex/SCRI_mergedBams/GM20847-J-0.bam	s3://1000g-ont/Kinnex/kinnex_1KGP/data/raw/GM20847/GM20847-J-0.flnc.bam$	TRUE
15422966065	GM20850-J-0.bam	GM20850	FALSE	TRUE	/net/eichler/vol28/projects/long_read_archive/nobackups/sharing/incoming/1KG_Kinnex/SCRI_mergedBams/GM20850-J-0.bam	s3://1000g-ont/Kinnex/kinnex_1KGP/data/raw/GM20850/GM20850-J-0.flnc.bam$	TRUE
15690241542	GM20859-J-0.bam	GM20859	FALSE	TRUE	/net/eichler/vol28/projects/long_read_archive/nobackups/sharing/incoming/1KG_Kinnex/SCRI_mergedBams/GM20859-J-0.bam	s3://1000g-ont/Kinnex/kinnex_1KGP/data/raw/GM20859/GM20859-J-0.flnc.bam$	TRUE
17735635394	GM20867-J-0.bam	GM20867	FALSE	TRUE	/net/eichler/vol28/projects/long_read_archive/nobackups/sharing/incoming/1KG_Kinnex/SCRI_mergedBams/GM20867-J-0.bam	s3://1000g-ont/Kinnex/kinnex_1KGP/data/raw/GM20867/GM20867-J-0.flnc.bam$	TRUE
14390828006	GM20870-J-0.bam	GM20870	FALSE	TRUE	/net/eichler/vol28/projects/long_read_archive/nobackups/sharing/incoming/1KG_Kinnex/SCRI_mergedBams/GM20870-J-0.bam	s3://1000g-ont/Kinnex/kinnex_1KGP/data/raw/GM20870/GM20870-J-0.flnc.bam$	TRUE
17134264156	GM20878-J-0.bam	GM20878	FALSE	TRUE	/net/eichler/vol28/projects/long_read_archive/nobackups/sharing/incoming/1KG_Kinnex/SCRI_mergedBams/GM20878-J-0.bam	s3://1000g-ont/Kinnex/kinnex_1KGP/data/raw/GM20878/GM20878-J-0.flnc.bam$	TRUE
12188275189	GM20896-J-0.bam	GM20896	FALSE	TRUE	/net/eichler/vol28/projects/long_read_archive/nobackups/sharing/incoming/1KG_Kinnex/SCRI_mergedBams/GM20896-J-0.bam	s3://1000g-ont/Kinnex/kinnex_1KGP/data/raw/GM20896/GM20896-J-0.flnc.bam$	TRUE
15275711445	GM20902-J-0.bam	GM20902	FALSE	TRUE	/net/eichler/vol28/projects/long_read_archive/nobackups/sharing/incoming/1KG_Kinnex/SCRI_mergedBams/GM20902-J-0.bam	s3://1000g-ont/Kinnex/kinnex_1KGP/data/raw/GM20902/GM20902-J-0.flnc.bam$	TRUE
17132411748	GM21111-J-0.bam	GM21111	FALSE	TRUE	/net/eichler/vol28/projects/long_read_archive/nobackups/sharing/incoming/1KG_Kinnex/SCRI_mergedBams/GM21111-J-0.bam	s3://1000g-ont/Kinnex/kinnex_1KGP/data/raw/GM21111/GM21111-J-0.flnc.bam$	TRUE
12745050232	GM21112-J-0.bam	GM21112	FALSE	TRUE	/net/eichler/vol28/projects/long_read_archive/nobackups/sharing/incoming/1KG_Kinnex/SCRI_mergedBams/GM21112-J-0.bam	s3://1000g-ont/Kinnex/kinnex_1KGP/data/raw/GM21112/GM21112-J-0.flnc.bam$	TRUE
13368371777	GM21119-W-0.bam	GM21119	FALSE	TRUE	/net/eichler/vol28/projects/long_read_archive/nobackups/sharing/incoming/1KG_Kinnex/SCRI_mergedBams/GM21119-W-0.bam	s3://1000g-ont/Kinnex/kinnex_1KGP/data/raw/GM21119/GM21119-W-0.flnc.bam$	TRUE
12692967799	GM21120-J-0.bam	GM21120	FALSE	TRUE	/net/eichler/vol28/projects/long_read_archive/nobackups/sharing/incoming/1KG_Kinnex/SCRI_mergedBams/GM21120-J-0.bam	s3://1000g-ont/Kinnex/kinnex_1KGP/data/raw/GM21120/GM21120-J-0.flnc.bam$	TRUE
17389654880	GM21125-W-0.bam	GM21125	FALSE	TRUE	/net/eichler/vol28/projects/long_read_archive/nobackups/sharing/incoming/1KG_Kinnex/SCRI_mergedBams/GM21125-W-0.bam	s3://1000g-ont/Kinnex/kinnex_1KGP/data/raw/GM21125/GM21125-W-0.flnc.bam$	TRUE
14999381367	GM21127-J-0.bam	GM21127	FALSE	FALSE	/net/eichler/vol28/projects/long_read_archive/nobackups/sharing/incoming/1KG_Kinnex/SCRI_mergedBams/GM21127-J-0.bam	s3://1000g-ont/Kinnex/kinnex_1KGP/data/raw/GM21127/GM21127-J-0.flnc.bam$	FALSE
15778911515	GM21129-J-0.bam	GM21129	FALSE	TRUE	/net/eichler/vol28/projects/long_read_archive/nobackups/sharing/incoming/1KG_Kinnex/SCRI_mergedBams/GM21129-J-0.bam	s3://1000g-ont/Kinnex/kinnex_1KGP/data/raw/GM21129/GM21129-J-0.flnc.bam$	TRUE
13712407772	GM21129-W-0.bam	GM21129	FALSE	FALSE	/net/eichler/vol28/projects/long_read_archive/nobackups/sharing/incoming/1KG_Kinnex/SCRI_mergedBams/GM21129-W-0.bam	s3://1000g-ont/Kinnex/kinnex_1KGP/data/raw/GM21129/GM21129-W-0.flnc.bam$	FALSE
30544190095	GM21130-W-0.bam	GM21130	FALSE	TRUE	/net/eichler/vol28/projects/long_read_archive/nobackups/sharing/incoming/1KG_Kinnex/SCRI_mergedBams/GM21130-W-0.bam	s3://1000g-ont/Kinnex/kinnex_1KGP/data/raw/GM21130/GM21130-W-0.flnc.bam$	TRUE
12699810570	GM21137-W-0.bam	GM21137	TRUE	TRUE	/net/eichler/vol28/projects/long_read_archive/nobackups/sharing/incoming/1KG_Kinnex/SCRI_mergedBams/GM21137-W-0.bam	s3://1000g-ont/Kinnex/kinnex_1KGP/data/raw/GM21137/GM21137-W-0.flnc.bam$	FALSE
17706031029	GM21141-W-0.bam	GM21141	FALSE	TRUE	/net/eichler/vol28/projects/long_read_archive/nobackups/sharing/incoming/1KG_Kinnex/SCRI_mergedBams/GM21141-W-0.bam	s3://1000g-ont/Kinnex/kinnex_1KGP/data/raw/GM21141/GM21141-W-0.flnc.bam$	TRUE
12678079139	GM21143-W-0.bam	GM21143	FALSE	FALSE	/net/eichler/vol28/projects/long_read_archive/nobackups/sharing/incoming/1KG_Kinnex/SCRI_mergedBams/GM21143-W-0.bam	s3://1000g-ont/Kinnex/kinnex_1KGP/data/raw/GM21143/GM21143-W-0.flnc.bam$	FALSE
19677220708	HG00108-J-0.bam	HG00108	FALSE	TRUE	/net/eichler/vol28/projects/long_read_archive/nobackups/sharing/incoming/1KG_Kinnex/SCRI_mergedBams/HG00108-J-0.bam	s3://1000g-ont/Kinnex/kinnex_1KGP/data/raw/HG00108/HG00108-J-0.flnc.bam$	TRUE
13220072102	HG00109-W-0.bam	HG00109	FALSE	TRUE	/net/eichler/vol28/projects/long_read_archive/nobackups/sharing/incoming/1KG_Kinnex/SCRI_mergedBams/HG00109-W-0.bam	s3://1000g-ont/Kinnex/kinnex_1KGP/data/raw/HG00109/HG00109-W-0.flnc.bam$	TRUE
12890202862	HG00112-W-0.bam	HG00112	FALSE	FALSE	/net/eichler/vol28/projects/long_read_archive/nobackups/sharing/incoming/1KG_Kinnex/SCRI_mergedBams/HG00112-W-0.bam	s3://1000g-ont/Kinnex/kinnex_1KGP/data/raw/HG00112/HG00112-W-0.flnc.bam$	FALSE
15933506395	HG00114-J-0.bam	HG00114	FALSE	TRUE	/net/eichler/vol28/projects/long_read_archive/nobackups/sharing/incoming/1KG_Kinnex/SCRI_mergedBams/HG00114-J-0.bam	s3://1000g-ont/Kinnex/kinnex_1KGP/data/raw/HG00114/HG00114-J-0.flnc.bam$	TRUE
11822843396	HG00130-J-0.bam	HG00130	FALSE	FALSE	/net/eichler/vol28/projects/long_read_archive/nobackups/sharing/incoming/1KG_Kinnex/SCRI_mergedBams/HG00130-J-0.bam	s3://1000g-ont/Kinnex/kinnex_1KGP/data/raw/HG00130/HG00130-J-0.flnc.bam$	FALSE
11502092551	HG00130-J-1.bam	HG00130	FALSE	FALSE	/net/eichler/vol28/projects/long_read_archive/nobackups/sharing/incoming/1KG_Kinnex/SCRI_mergedBams/HG00130-J-1.bam	s3://1000g-ont/Kinnex/kinnex_1KGP/data/raw/HG00130/HG00130-J-1.flnc.bam$	FALSE
20365020298	HG00130-J-2.bam	HG00130	FALSE	TRUE	/net/eichler/vol28/projects/long_read_archive/nobackups/sharing/incoming/1KG_Kinnex/SCRI_mergedBams/HG00130-J-2.bam	s3://1000g-ont/Kinnex/kinnex_1KGP/data/raw/HG00130/HG00130-J-2.flnc.bam$	TRUE
14332334316	HG00130-W-0.bam	HG00130	FALSE	FALSE	/net/eichler/vol28/projects/long_read_archive/nobackups/sharing/incoming/1KG_Kinnex/SCRI_mergedBams/HG00130-W-0.bam	s3://1000g-ont/Kinnex/kinnex_1KGP/data/raw/HG00130/HG00130-W-0.flnc.bam$	FALSE
11971736097	HG00130-W-1.bam	HG00130	FALSE	FALSE	/net/eichler/vol28/projects/long_read_archive/nobackups/sharing/incoming/1KG_Kinnex/SCRI_mergedBams/HG00130-W-1.bam	s3://1000g-ont/Kinnex/kinnex_1KGP/data/raw/HG00130/HG00130-W-1.flnc.bam$	FALSE
11969555759	HG00130-W-2.bam	HG00130	FALSE	FALSE	/net/eichler/vol28/projects/long_read_archive/nobackups/sharing/incoming/1KG_Kinnex/SCRI_mergedBams/HG00130-W-2.bam	s3://1000g-ont/Kinnex/kinnex_1KGP/data/raw/HG00130/HG00130-W-2.flnc.bam$	FALSE
16286782552	HG00138-W-0.bam	HG00138	FALSE	TRUE	/net/eichler/vol28/projects/long_read_archive/nobackups/sharing/incoming/1KG_Kinnex/SCRI_mergedBams/HG00138-W-0.bam	s3://1000g-ont/Kinnex/kinnex_1KGP/data/raw/HG00138/HG00138-W-0.flnc.bam$	TRUE
16999294492	HG00141-J-0.bam	HG00141	FALSE	TRUE	/net/eichler/vol28/projects/long_read_archive/nobackups/sharing/incoming/1KG_Kinnex/SCRI_mergedBams/HG00141-J-0.bam	s3://1000g-ont/Kinnex/kinnex_1KGP/data/raw/HG00141/HG00141-J-0.flnc.bam$	TRUE
18507495782	HG00142-J-0.bam	HG00142	FALSE	FALSE	/net/eichler/vol28/projects/long_read_archive/nobackups/sharing/incoming/1KG_Kinnex/SCRI_mergedBams/HG00142-J-0.bam	s3://1000g-ont/Kinnex/kinnex_1KGP/data/raw/HG00142/HG00142-J-0.flnc.bam$	FALSE
12513603412	HG00148-J-0.bam	HG00148	TRUE	FALSE	/net/eichler/vol28/projects/long_read_archive/nobackups/sharing/incoming/1KG_Kinnex/SCRI_mergedBams/HG00148-J-0.bam	s3://1000g-ont/Kinnex/kinnex_1KGP/data/raw/HG00148/HG00148-J-0.flnc.bam$	FALSE
17542672953	HG00148-J-1.bam	HG00148	TRUE	TRUE	/net/eichler/vol28/projects/long_read_archive/nobackups/sharing/incoming/1KG_Kinnex/SCRI_mergedBams/HG00148-J-1.bam	s3://1000g-ont/Kinnex/kinnex_1KGP/data/raw/HG00148/HG00148-J-1.flnc.bam$	FALSE
18925430141	HG00148-J-2.bam	HG00148	TRUE	TRUE	/net/eichler/vol28/projects/long_read_archive/nobackups/sharing/incoming/1KG_Kinnex/SCRI_mergedBams/HG00148-J-2.bam	s3://1000g-ont/Kinnex/kinnex_1KGP/data/raw/HG00148/HG00148-J-2.flnc.bam$	FALSE
13097216048	HG00154-W-0.bam	HG00154	FALSE	TRUE	/net/eichler/vol28/projects/long_read_archive/nobackups/sharing/incoming/1KG_Kinnex/SCRI_mergedBams/HG00154-W-0.bam	s3://1000g-ont/Kinnex/kinnex_1KGP/data/raw/HG00154/HG00154-W-0.flnc.bam$	TRUE
14630857083	HG00177-J-0.bam	HG00177	FALSE	FALSE	/net/eichler/vol28/projects/long_read_archive/nobackups/sharing/incoming/1KG_Kinnex/SCRI_mergedBams/HG00177-J-0.bam	s3://1000g-ont/Kinnex/kinnex_1KGP/data/raw/HG00177/HG00177-J-0.flnc.bam$	FALSE
12666786687	HG00183-J-0.bam	HG00183	FALSE	FALSE	/net/eichler/vol28/projects/long_read_archive/nobackups/sharing/incoming/1KG_Kinnex/SCRI_mergedBams/HG00183-J-0.bam	s3://1000g-ont/Kinnex/kinnex_1KGP/data/raw/HG00183/HG00183-J-0.flnc.bam$	FALSE
25469910831	HG00183-J-1.bam	HG00183	FALSE	TRUE	/net/eichler/vol28/projects/long_read_archive/nobackups/sharing/incoming/1KG_Kinnex/SCRI_mergedBams/HG00183-J-1.bam	s3://1000g-ont/Kinnex/kinnex_1KGP/data/raw/HG00183/HG00183-J-1.flnc.bam$	TRUE
31904243813	HG00183-J-2.bam	HG00183	FALSE	TRUE	/net/eichler/vol28/projects/long_read_archive/nobackups/sharing/incoming/1KG_Kinnex/SCRI_mergedBams/HG00183-J-2.bam	s3://1000g-ont/Kinnex/kinnex_1KGP/data/raw/HG00183/HG00183-J-2.flnc.bam$	TRUE
15368988518	HG00183-J-2a.bam	HG00183-J-2a.bam	FALSE	TRUE	/net/eichler/vol28/projects/long_read_archive/nobackups/sharing/incoming/1KG_Kinnex/SCRI_mergedBams/HG00183-J-2a.bam	s3://1000g-ont/Kinnex/kinnex_1KGP/data/raw/HG00183-J-2a.bam/HG00183-J-2a.flnc.bam$	TRUE
14700205655	HG00183-W-0.bam	HG00183	FALSE	FALSE	/net/eichler/vol28/projects/long_read_archive/nobackups/sharing/incoming/1KG_Kinnex/SCRI_mergedBams/HG00183-W-0.bam	s3://1000g-ont/Kinnex/kinnex_1KGP/data/raw/HG00183/HG00183-W-0.flnc.bam$	FALSE
19721229832	HG00183-W-1.bam	HG00183	FALSE	FALSE	/net/eichler/vol28/projects/long_read_archive/nobackups/sharing/incoming/1KG_Kinnex/SCRI_mergedBams/HG00183-W-1.bam	s3://1000g-ont/Kinnex/kinnex_1KGP/data/raw/HG00183/HG00183-W-1.flnc.bam$	FALSE
27062250764	HG00183-W-2.bam	HG00183	FALSE	TRUE	/net/eichler/vol28/projects/long_read_archive/nobackups/sharing/incoming/1KG_Kinnex/SCRI_mergedBams/HG00183-W-2.bam	s3://1000g-ont/Kinnex/kinnex_1KGP/data/raw/HG00183/HG00183-W-2.flnc.bam$	TRUE
13495683122	HG00185-J-0.bam	HG00185	FALSE	FALSE	/net/eichler/vol28/projects/long_read_archive/nobackups/sharing/incoming/1KG_Kinnex/SCRI_mergedBams/HG00185-J-0.bam	s3://1000g-ont/Kinnex/kinnex_1KGP/data/raw/HG00185/HG00185-J-0.flnc.bam$	FALSE
14302810927	HG00188-J-0.bam	HG00188	FALSE	FALSE	/net/eichler/vol28/projects/long_read_archive/nobackups/sharing/incoming/1KG_Kinnex/SCRI_mergedBams/HG00188-J-0.bam	s3://1000g-ont/Kinnex/kinnex_1KGP/data/raw/HG00188/HG00188-J-0.flnc.bam$	FALSE
12255491478	HG00188-J-1.bam	HG00188	FALSE	FALSE	/net/eichler/vol28/projects/long_read_archive/nobackups/sharing/incoming/1KG_Kinnex/SCRI_mergedBams/HG00188-J-1.bam	s3://1000g-ont/Kinnex/kinnex_1KGP/data/raw/HG00188/HG00188-J-1.flnc.bam$	FALSE
12006367570	HG00188-J-2.bam	HG00188	FALSE	FALSE	/net/eichler/vol28/projects/long_read_archive/nobackups/sharing/incoming/1KG_Kinnex/SCRI_mergedBams/HG00188-J-2.bam	s3://1000g-ont/Kinnex/kinnex_1KGP/data/raw/HG00188/HG00188-J-2.flnc.bam$	FALSE
12693766301	HG00188-W-0.bam	HG00188	FALSE	FALSE	/net/eichler/vol28/projects/long_read_archive/nobackups/sharing/incoming/1KG_Kinnex/SCRI_mergedBams/HG00188-W-0.bam	s3://1000g-ont/Kinnex/kinnex_1KGP/data/raw/HG00188/HG00188-W-0.flnc.bam$	FALSE
12881811614	HG00188-W-1.bam	HG00188	FALSE	FALSE	/net/eichler/vol28/projects/long_read_archive/nobackups/sharing/incoming/1KG_Kinnex/SCRI_mergedBams/HG00188-W-1.bam	s3://1000g-ont/Kinnex/kinnex_1KGP/data/raw/HG00188/HG00188-W-1.flnc.bam$	FALSE
12627428907	HG00188-W-2.bam	HG00188	FALSE	FALSE	/net/eichler/vol28/projects/long_read_archive/nobackups/sharing/incoming/1KG_Kinnex/SCRI_mergedBams/HG00188-W-2.bam	s3://1000g-ont/Kinnex/kinnex_1KGP/data/raw/HG00188/HG00188-W-2.flnc.bam$	FALSE
13118401169	HG00189-W-0.bam	HG00189	TRUE	FALSE	/net/eichler/vol28/projects/long_read_archive/nobackups/sharing/incoming/1KG_Kinnex/SCRI_mergedBams/HG00189-W-0.bam	s3://1000g-ont/Kinnex/kinnex_1KGP/data/raw/HG00189/HG00189-W-0.flnc.bam$	FALSE
13210735766	HG00189-W-1.bam	HG00189	TRUE	FALSE	/net/eichler/vol28/projects/long_read_archive/nobackups/sharing/incoming/1KG_Kinnex/SCRI_mergedBams/HG00189-W-1.bam	s3://1000g-ont/Kinnex/kinnex_1KGP/data/raw/HG00189/HG00189-W-1.flnc.bam$	FALSE
13539817928	HG00189-W-2.bam	HG00189	TRUE	FALSE	/net/eichler/vol28/projects/long_read_archive/nobackups/sharing/incoming/1KG_Kinnex/SCRI_mergedBams/HG00189-W-2.bam	s3://1000g-ont/Kinnex/kinnex_1KGP/data/raw/HG00189/HG00189-W-2.flnc.bam$	FALSE
15116322255	HG00237-J-0.bam	HG00237	FALSE	TRUE	/net/eichler/vol28/projects/long_read_archive/nobackups/sharing/incoming/1KG_Kinnex/SCRI_mergedBams/HG00237-J-0.bam	s3://1000g-ont/Kinnex/kinnex_1KGP/data/raw/HG00237/HG00237-J-0.flnc.bam$	TRUE
12732601288	HG00237-W-0.bam	HG00237	FALSE	FALSE	/net/eichler/vol28/projects/long_read_archive/nobackups/sharing/incoming/1KG_Kinnex/SCRI_mergedBams/HG00237-W-0.bam	s3://1000g-ont/Kinnex/kinnex_1KGP/data/raw/HG00237/HG00237-W-0.flnc.bam$	FALSE
19031179836	HG00239-W-0.bam	HG00239	FALSE	TRUE	/net/eichler/vol28/projects/long_read_archive/nobackups/sharing/incoming/1KG_Kinnex/SCRI_mergedBams/HG00239-W-0.bam	s3://1000g-ont/Kinnex/kinnex_1KGP/data/raw/HG00239/HG00239-W-0.flnc.bam$	TRUE
19667785901	HG00244-J-0.bam	HG00244	FALSE	TRUE	/net/eichler/vol28/projects/long_read_archive/nobackups/sharing/incoming/1KG_Kinnex/SCRI_mergedBams/HG00244-J-0.bam	s3://1000g-ont/Kinnex/kinnex_1KGP/data/raw/HG00244/HG00244-J-0.flnc.bam$	TRUE
17564223597	HG00250-W-0.bam	HG00250	FALSE	TRUE	/net/eichler/vol28/projects/long_read_archive/nobackups/sharing/incoming/1KG_Kinnex/SCRI_mergedBams/HG00250-W-0.bam	s3://1000g-ont/Kinnex/kinnex_1KGP/data/raw/HG00250/HG00250-W-0.flnc.bam$	TRUE
12565069952	HG00254-J-0.bam	HG00254	FALSE	TRUE	/net/eichler/vol28/projects/long_read_archive/nobackups/sharing/incoming/1KG_Kinnex/SCRI_mergedBams/HG00254-J-0.bam	s3://1000g-ont/Kinnex/kinnex_1KGP/data/raw/HG00254/HG00254-J-0.flnc.bam$	TRUE
13984738443	HG00259-W-0.bam	HG00259	TRUE	TRUE	/net/eichler/vol28/projects/long_read_archive/nobackups/sharing/incoming/1KG_Kinnex/SCRI_mergedBams/HG00259-W-0.bam	s3://1000g-ont/Kinnex/kinnex_1KGP/data/raw/HG00259/HG00259-W-0.flnc.bam$	FALSE
12344863928	HG00260-J-0.bam	HG00260	TRUE	FALSE	/net/eichler/vol28/projects/long_read_archive/nobackups/sharing/incoming/1KG_Kinnex/SCRI_mergedBams/HG00260-J-0.bam	s3://1000g-ont/Kinnex/kinnex_1KGP/data/raw/HG00260/HG00260-J-0.flnc.bam$	FALSE
13562366066	HG00277-J-0.bam	HG00277	FALSE	FALSE	/net/eichler/vol28/projects/long_read_archive/nobackups/sharing/incoming/1KG_Kinnex/SCRI_mergedBams/HG00277-J-0.bam	s3://1000g-ont/Kinnex/kinnex_1KGP/data/raw/HG00277/HG00277-J-0.flnc.bam$	FALSE
20132442556	HG00285-J-0.bam	HG00285	FALSE	TRUE	/net/eichler/vol28/projects/long_read_archive/nobackups/sharing/incoming/1KG_Kinnex/SCRI_mergedBams/HG00285-J-0.bam	s3://1000g-ont/Kinnex/kinnex_1KGP/data/raw/HG00285/HG00285-J-0.flnc.bam$	TRUE
14016295033	HG00290-J-0.bam	HG00290	FALSE	TRUE	/net/eichler/vol28/projects/long_read_archive/nobackups/sharing/incoming/1KG_Kinnex/SCRI_mergedBams/HG00290-J-0.bam	s3://1000g-ont/Kinnex/kinnex_1KGP/data/raw/HG00290/HG00290-J-0.flnc.bam$	TRUE
15228389349	HG00325-J-0.bam	HG00325	FALSE	FALSE	/net/eichler/vol28/projects/long_read_archive/nobackups/sharing/incoming/1KG_Kinnex/SCRI_mergedBams/HG00325-J-0.bam	s3://1000g-ont/Kinnex/kinnex_1KGP/data/raw/HG00325/HG00325-J-0.flnc.bam$	FALSE
13134971192	HG00325-J-1.bam	HG00325	FALSE	FALSE	/net/eichler/vol28/projects/long_read_archive/nobackups/sharing/incoming/1KG_Kinnex/SCRI_mergedBams/HG00325-J-1.bam	s3://1000g-ont/Kinnex/kinnex_1KGP/data/raw/HG00325/HG00325-J-1.flnc.bam$	FALSE
12335502115	HG00325-J-2.bam	HG00325	FALSE	FALSE	/net/eichler/vol28/projects/long_read_archive/nobackups/sharing/incoming/1KG_Kinnex/SCRI_mergedBams/HG00325-J-2.bam	s3://1000g-ont/Kinnex/kinnex_1KGP/data/raw/HG00325/HG00325-J-2.flnc.bam$	FALSE
10885536182	HG00325-W-0.bam	HG00325	FALSE	FALSE	/net/eichler/vol28/projects/long_read_archive/nobackups/sharing/incoming/1KG_Kinnex/SCRI_mergedBams/HG00325-W-0.bam	s3://1000g-ont/Kinnex/kinnex_1KGP/data/raw/HG00325/HG00325-W-0.flnc.bam$	FALSE
13512840966	HG00325-W-1.bam	HG00325	FALSE	FALSE	/net/eichler/vol28/projects/long_read_archive/nobackups/sharing/incoming/1KG_Kinnex/SCRI_mergedBams/HG00325-W-1.bam	s3://1000g-ont/Kinnex/kinnex_1KGP/data/raw/HG00325/HG00325-W-1.flnc.bam$	FALSE
14083683161	HG00325-W-2.bam	HG00325	FALSE	FALSE	/net/eichler/vol28/projects/long_read_archive/nobackups/sharing/incoming/1KG_Kinnex/SCRI_mergedBams/HG00325-W-2.bam	s3://1000g-ont/Kinnex/kinnex_1KGP/data/raw/HG00325/HG00325-W-2.flnc.bam$	FALSE
17576241748	HG00326-W-0.bam	HG00326	FALSE	TRUE	/net/eichler/vol28/projects/long_read_archive/nobackups/sharing/incoming/1KG_Kinnex/SCRI_mergedBams/HG00326-W-0.bam	s3://1000g-ont/Kinnex/kinnex_1KGP/data/raw/HG00326/HG00326-W-0.flnc.bam$	TRUE
14616575417	HG00327-J-0.bam	HG00327	FALSE	FALSE	/net/eichler/vol28/projects/long_read_archive/nobackups/sharing/incoming/1KG_Kinnex/SCRI_mergedBams/HG00327-J-0.bam	s3://1000g-ont/Kinnex/kinnex_1KGP/data/raw/HG00327/HG00327-J-0.flnc.bam$	FALSE
14876371740	HG00335-J-0.bam	HG00335	FALSE	TRUE	/net/eichler/vol28/projects/long_read_archive/nobackups/sharing/incoming/1KG_Kinnex/SCRI_mergedBams/HG00335-J-0.bam	s3://1000g-ont/Kinnex/kinnex_1KGP/data/raw/HG00335/HG00335-J-0.flnc.bam$	TRUE
11104302097	HG00342-J-1.bam	HG00342	FALSE	FALSE	/net/eichler/vol28/projects/long_read_archive/nobackups/sharing/incoming/1KG_Kinnex/SCRI_mergedBams/HG00342-J-1.bam	s3://1000g-ont/Kinnex/kinnex_1KGP/data/raw/HG00342/HG00342-J-1.flnc.bam$	FALSE
11088727957	HG00342-J-2.bam	HG00342	FALSE	FALSE	/net/eichler/vol28/projects/long_read_archive/nobackups/sharing/incoming/1KG_Kinnex/SCRI_mergedBams/HG00342-J-2.bam	s3://1000g-ont/Kinnex/kinnex_1KGP/data/raw/HG00342/HG00342-J-2.flnc.bam$	FALSE
11800556162	HG00364-W-0.bam	HG00364	FALSE	FALSE	/net/eichler/vol28/projects/long_read_archive/nobackups/sharing/incoming/1KG_Kinnex/SCRI_mergedBams/HG00364-W-0.bam	s3://1000g-ont/Kinnex/kinnex_1KGP/data/raw/HG00364/HG00364-W-0.flnc.bam$	FALSE
13089008995	HG00373-W-0.bam	HG00373	FALSE	FALSE	/net/eichler/vol28/projects/long_read_archive/nobackups/sharing/incoming/1KG_Kinnex/SCRI_mergedBams/HG00373-W-0.bam	s3://1000g-ont/Kinnex/kinnex_1KGP/data/raw/HG00373/HG00373-W-0.flnc.bam$	FALSE
13731937179	HG00379-W-0.bam	HG00379	FALSE	FALSE	/net/eichler/vol28/projects/long_read_archive/nobackups/sharing/incoming/1KG_Kinnex/SCRI_mergedBams/HG00379-W-0.bam	s3://1000g-ont/Kinnex/kinnex_1KGP/data/raw/HG00379/HG00379-W-0.flnc.bam$	FALSE
16573534478	HG00382-J-0.bam	HG00382	FALSE	TRUE	/net/eichler/vol28/projects/long_read_archive/nobackups/sharing/incoming/1KG_Kinnex/SCRI_mergedBams/HG00382-J-0.bam	s3://1000g-ont/Kinnex/kinnex_1KGP/data/raw/HG00382/HG00382-J-0.flnc.bam$	TRUE
14283800423	HG00404-J-0.bam	HG00404	FALSE	TRUE	/net/eichler/vol28/projects/long_read_archive/nobackups/sharing/incoming/1KG_Kinnex/SCRI_mergedBams/HG00404-J-0.bam	s3://1000g-ont/Kinnex/kinnex_1KGP/data/raw/HG00404/HG00404-J-0.flnc.bam$	TRUE
29948864386	HG00410-J-0.bam	HG00410	FALSE	TRUE	/net/eichler/vol28/projects/long_read_archive/nobackups/sharing/incoming/1KG_Kinnex/SCRI_mergedBams/HG00410-J-0.bam	s3://1000g-ont/Kinnex/kinnex_1KGP/data/raw/HG00410/HG00410-J-0.flnc.bam$	TRUE
13341121375	HG00429-W-0.bam	HG00429	FALSE	TRUE	/net/eichler/vol28/projects/long_read_archive/nobackups/sharing/incoming/1KG_Kinnex/SCRI_mergedBams/HG00429-W-0.bam	s3://1000g-ont/Kinnex/kinnex_1KGP/data/raw/HG00429/HG00429-W-0.flnc.bam$	TRUE
17190722985	HG00442-J-0.bam	HG00442	FALSE	TRUE	/net/eichler/vol28/projects/long_read_archive/nobackups/sharing/incoming/1KG_Kinnex/SCRI_mergedBams/HG00442-J-0.bam	s3://1000g-ont/Kinnex/kinnex_1KGP/data/raw/HG00442/HG00442-J-0.flnc.bam$	TRUE
12325032278	HG00449-W-0.bam	HG00449	FALSE	FALSE	/net/eichler/vol28/projects/long_read_archive/nobackups/sharing/incoming/1KG_Kinnex/SCRI_mergedBams/HG00449-W-0.bam	s3://1000g-ont/Kinnex/kinnex_1KGP/data/raw/HG00449/HG00449-W-0.flnc.bam$	FALSE
15191646046	HG00459-W-0.bam	HG00459	FALSE	TRUE	/net/eichler/vol28/projects/long_read_archive/nobackups/sharing/incoming/1KG_Kinnex/SCRI_mergedBams/HG00459-W-0.bam	s3://1000g-ont/Kinnex/kinnex_1KGP/data/raw/HG00459/HG00459-W-0.flnc.bam$	TRUE
12553773956	HG00463-J-0.bam	HG00463	FALSE	TRUE	/net/eichler/vol28/projects/long_read_archive/nobackups/sharing/incoming/1KG_Kinnex/SCRI_mergedBams/HG00463-J-0.bam	s3://1000g-ont/Kinnex/kinnex_1KGP/data/raw/HG00463/HG00463-J-0.flnc.bam$	TRUE
13833591849	HG00465-W-0.bam	HG00465	FALSE	FALSE	/net/eichler/vol28/projects/long_read_archive/nobackups/sharing/incoming/1KG_Kinnex/SCRI_mergedBams/HG00465-W-0.bam	s3://1000g-ont/Kinnex/kinnex_1KGP/data/raw/HG00465/HG00465-W-0.flnc.bam$	FALSE
14935629951	HG00473-J-0.bam	HG00473	FALSE	FALSE	/net/eichler/vol28/projects/long_read_archive/nobackups/sharing/incoming/1KG_Kinnex/SCRI_mergedBams/HG00473-J-0.bam	s3://1000g-ont/Kinnex/kinnex_1KGP/data/raw/HG00473/HG00473-J-0.flnc.bam$	FALSE
15408980645	HG00477-W-0.bam	HG00477	FALSE	TRUE	/net/eichler/vol28/projects/long_read_archive/nobackups/sharing/incoming/1KG_Kinnex/SCRI_mergedBams/HG00477-W-0.bam	s3://1000g-ont/Kinnex/kinnex_1KGP/data/raw/HG00477/HG00477-W-0.flnc.bam$	TRUE
13094582553	HG00513-J-0.bam	HG00513	TRUE	TRUE	/net/eichler/vol28/projects/long_read_archive/nobackups/sharing/incoming/1KG_Kinnex/SCRI_mergedBams/HG00513-J-0.bam	s3://1000g-ont/Kinnex/kinnex_1KGP/data/raw/HG00513/HG00513-J-0.flnc.bam$	FALSE
13802006217	HG00525-J-0.bam	HG00525	FALSE	FALSE	/net/eichler/vol28/projects/long_read_archive/nobackups/sharing/incoming/1KG_Kinnex/SCRI_mergedBams/HG00525-J-0.bam	s3://1000g-ont/Kinnex/kinnex_1KGP/data/raw/HG00525/HG00525-J-0.flnc.bam$	FALSE
15918602124	HG00553-W-0.bam	HG00553	FALSE	TRUE	/net/eichler/vol28/projects/long_read_archive/nobackups/sharing/incoming/1KG_Kinnex/SCRI_mergedBams/HG00553-W-0.bam	s3://1000g-ont/Kinnex/kinnex_1KGP/data/raw/HG00553/HG00553-W-0.flnc.bam$	TRUE
11520463532	HG00555-W-0.bam	HG00555	FALSE	FALSE	/net/eichler/vol28/projects/long_read_archive/nobackups/sharing/incoming/1KG_Kinnex/SCRI_mergedBams/HG00555-W-0.bam	s3://1000g-ont/Kinnex/kinnex_1KGP/data/raw/HG00555/HG00555-W-0.flnc.bam$	FALSE
19739446130	HG00565-J-0.bam	HG00565	FALSE	TRUE	/net/eichler/vol28/projects/long_read_archive/nobackups/sharing/incoming/1KG_Kinnex/SCRI_mergedBams/HG00565-J-0.bam	s3://1000g-ont/Kinnex/kinnex_1KGP/data/raw/HG00565/HG00565-J-0.flnc.bam$	TRUE
14277121828	HG00581-J-0.bam	HG00581	FALSE	TRUE	/net/eichler/vol28/projects/long_read_archive/nobackups/sharing/incoming/1KG_Kinnex/SCRI_mergedBams/HG00581-J-0.bam	s3://1000g-ont/Kinnex/kinnex_1KGP/data/raw/HG00581/HG00581-J-0.flnc.bam$	TRUE
40596661685	HG00583-J-0.bam	HG00583	FALSE	TRUE	/net/eichler/vol28/projects/long_read_archive/nobackups/sharing/incoming/1KG_Kinnex/SCRI_mergedBams/HG00583-J-0.bam	s3://1000g-ont/Kinnex/kinnex_1KGP/data/raw/HG00583/HG00583-J-0.flnc.bam$	TRUE
14053764068	HG00589-J-0.bam	HG00589	FALSE	FALSE	/net/eichler/vol28/projects/long_read_archive/nobackups/sharing/incoming/1KG_Kinnex/SCRI_mergedBams/HG00589-J-0.bam	s3://1000g-ont/Kinnex/kinnex_1KGP/data/raw/HG00589/HG00589-J-0.flnc.bam$	FALSE
12477874975	HG00596-J-0.bam	HG00596	FALSE	TRUE	/net/eichler/vol28/projects/long_read_archive/nobackups/sharing/incoming/1KG_Kinnex/SCRI_mergedBams/HG00596-J-0.bam	s3://1000g-ont/Kinnex/kinnex_1KGP/data/raw/HG00596/HG00596-J-0.flnc.bam$	TRUE
18293258235	HG00625-J-0.bam	HG00625	FALSE	TRUE	/net/eichler/vol28/projects/long_read_archive/nobackups/sharing/incoming/1KG_Kinnex/SCRI_mergedBams/HG00625-J-0.bam	s3://1000g-ont/Kinnex/kinnex_1KGP/data/raw/HG00625/HG00625-J-0.flnc.bam$	TRUE
11923071794	HG00628-W-0.bam	HG00628	FALSE	FALSE	/net/eichler/vol28/projects/long_read_archive/nobackups/sharing/incoming/1KG_Kinnex/SCRI_mergedBams/HG00628-W-0.bam	s3://1000g-ont/Kinnex/kinnex_1KGP/data/raw/HG00628/HG00628-W-0.flnc.bam$	FALSE
12243597723	HG00641-J-0.bam	HG00641	FALSE	TRUE	/net/eichler/vol28/projects/long_read_archive/nobackups/sharing/incoming/1KG_Kinnex/SCRI_mergedBams/HG00641-J-0.bam	s3://1000g-ont/Kinnex/kinnex_1KGP/data/raw/HG00641/HG00641-J-0.flnc.bam$	TRUE
17579032206	HG00663-W-0.bam	HG00663	TRUE	TRUE	/net/eichler/vol28/projects/long_read_archive/nobackups/sharing/incoming/1KG_Kinnex/SCRI_mergedBams/HG00663-W-0.bam	s3://1000g-ont/Kinnex/kinnex_1KGP/data/raw/HG00663/HG00663-W-0.flnc.bam$	FALSE
10928775041	HG00699-W-0.bam	HG00699	FALSE	FALSE	/net/eichler/vol28/projects/long_read_archive/nobackups/sharing/incoming/1KG_Kinnex/SCRI_mergedBams/HG00699-W-0.bam	s3://1000g-ont/Kinnex/kinnex_1KGP/data/raw/HG00699/HG00699-W-0.flnc.bam$	FALSE
14686472351	HG00705-J-0.bam	HG00705	FALSE	TRUE	/net/eichler/vol28/projects/long_read_archive/nobackups/sharing/incoming/1KG_Kinnex/SCRI_mergedBams/HG00705-J-0.bam	s3://1000g-ont/Kinnex/kinnex_1KGP/data/raw/HG00705/HG00705-J-0.flnc.bam$	TRUE
15988267564	HG00728-J-0.bam	HG00728	FALSE	TRUE	/net/eichler/vol28/projects/long_read_archive/nobackups/sharing/incoming/1KG_Kinnex/SCRI_mergedBams/HG00728-J-0.bam	s3://1000g-ont/Kinnex/kinnex_1KGP/data/raw/HG00728/HG00728-J-0.flnc.bam$	TRUE
30322939362	HG00737-J-0.bam	HG00737	FALSE	TRUE	/net/eichler/vol28/projects/long_read_archive/nobackups/sharing/incoming/1KG_Kinnex/SCRI_mergedBams/HG00737-J-0.bam	s3://1000g-ont/Kinnex/kinnex_1KGP/data/raw/HG00737/HG00737-J-0.flnc.bam$	TRUE
13482429479	HG00742-W-0.bam	HG00742	FALSE	FALSE	/net/eichler/vol28/projects/long_read_archive/nobackups/sharing/incoming/1KG_Kinnex/SCRI_mergedBams/HG00742-W-0.bam	s3://1000g-ont/Kinnex/kinnex_1KGP/data/raw/HG00742/HG00742-W-0.flnc.bam$	FALSE
15217261374	HG00844-J-0.bam	HG00844	FALSE	TRUE	/net/eichler/vol28/projects/long_read_archive/nobackups/sharing/incoming/1KG_Kinnex/SCRI_mergedBams/HG00844-J-0.bam	s3://1000g-ont/Kinnex/kinnex_1KGP/data/raw/HG00844/HG00844-J-0.flnc.bam$	TRUE
14042274343	HG00864-J-0.bam	HG00864	FALSE	TRUE	/net/eichler/vol28/projects/long_read_archive/nobackups/sharing/incoming/1KG_Kinnex/SCRI_mergedBams/HG00864-J-0.bam	s3://1000g-ont/Kinnex/kinnex_1KGP/data/raw/HG00864/HG00864-J-0.flnc.bam$	TRUE
11711221936	HG01029-J-0.bam	HG01029	FALSE	TRUE	/net/eichler/vol28/projects/long_read_archive/nobackups/sharing/incoming/1KG_Kinnex/SCRI_mergedBams/HG01029-J-0.bam	s3://1000g-ont/Kinnex/kinnex_1KGP/data/raw/HG01029/HG01029-J-0.flnc.bam$	TRUE
11933435845	HG01047-J-0.bam	HG01047	FALSE	TRUE	/net/eichler/vol28/projects/long_read_archive/nobackups/sharing/incoming/1KG_Kinnex/SCRI_mergedBams/HG01047-J-0.bam	s3://1000g-ont/Kinnex/kinnex_1KGP/data/raw/HG01047/HG01047-J-0.flnc.bam$	TRUE
19067921148	HG01050-W-0.bam	HG01050	FALSE	TRUE	/net/eichler/vol28/projects/long_read_archive/nobackups/sharing/incoming/1KG_Kinnex/SCRI_mergedBams/HG01050-W-0.bam	s3://1000g-ont/Kinnex/kinnex_1KGP/data/raw/HG01050/HG01050-W-0.flnc.bam$	TRUE
23456389006	HG01062-W-0.bam	HG01062	FALSE	TRUE	/net/eichler/vol28/projects/long_read_archive/nobackups/sharing/incoming/1KG_Kinnex/SCRI_mergedBams/HG01062-W-0.bam	s3://1000g-ont/Kinnex/kinnex_1KGP/data/raw/HG01062/HG01062-W-0.flnc.bam$	TRUE
19259644750	HG01073-J-0.bam	HG01073	FALSE	TRUE	/net/eichler/vol28/projects/long_read_archive/nobackups/sharing/incoming/1KG_Kinnex/SCRI_mergedBams/HG01073-J-0.bam	s3://1000g-ont/Kinnex/kinnex_1KGP/data/raw/HG01073/HG01073-J-0.flnc.bam$	TRUE
9759133493	HG01087-W-0.bam	HG01087	FALSE	TRUE	/net/eichler/vol28/projects/long_read_archive/nobackups/sharing/incoming/1KG_Kinnex/SCRI_mergedBams/HG01087-W-0.bam	s3://1000g-ont/Kinnex/kinnex_1KGP/data/raw/HG01087/HG01087-W-0.flnc.bam$	TRUE
16082496734	HG01092-J-0.bam	HG01092	FALSE	TRUE	/net/eichler/vol28/projects/long_read_archive/nobackups/sharing/incoming/1KG_Kinnex/SCRI_mergedBams/HG01092-J-0.bam	s3://1000g-ont/Kinnex/kinnex_1KGP/data/raw/HG01092/HG01092-J-0.flnc.bam$	TRUE
19040468912	HG01103-W-0.bam	HG01103	FALSE	TRUE	/net/eichler/vol28/projects/long_read_archive/nobackups/sharing/incoming/1KG_Kinnex/SCRI_mergedBams/HG01103-W-0.bam	s3://1000g-ont/Kinnex/kinnex_1KGP/data/raw/HG01103/HG01103-W-0.flnc.bam$	TRUE
18303800297	HG01108-J-0.bam	HG01108	FALSE	FALSE	/net/eichler/vol28/projects/long_read_archive/nobackups/sharing/incoming/1KG_Kinnex/SCRI_mergedBams/HG01108-J-0.bam	s3://1000g-ont/Kinnex/kinnex_1KGP/data/raw/HG01108/HG01108-J-0.flnc.bam$	FALSE
27007318324	HG01125-J-0.bam	HG01125	FALSE	TRUE	/net/eichler/vol28/projects/long_read_archive/nobackups/sharing/incoming/1KG_Kinnex/SCRI_mergedBams/HG01125-J-0.bam	s3://1000g-ont/Kinnex/kinnex_1KGP/data/raw/HG01125/HG01125-J-0.flnc.bam$	TRUE
14269742119	HG01137-J-0.bam	HG01137	FALSE	TRUE	/net/eichler/vol28/projects/long_read_archive/nobackups/sharing/incoming/1KG_Kinnex/SCRI_mergedBams/HG01137-J-0.bam	s3://1000g-ont/Kinnex/kinnex_1KGP/data/raw/HG01137/HG01137-J-0.flnc.bam$	TRUE
12944088830	HG01161-J-0.bam	HG01161	FALSE	FALSE	/net/eichler/vol28/projects/long_read_archive/nobackups/sharing/incoming/1KG_Kinnex/SCRI_mergedBams/HG01161-J-0.bam	s3://1000g-ont/Kinnex/kinnex_1KGP/data/raw/HG01161/HG01161-J-0.flnc.bam$	FALSE
13025429594	HG01162-J-0.bam	HG01162	FALSE	FALSE	/net/eichler/vol28/projects/long_read_archive/nobackups/sharing/incoming/1KG_Kinnex/SCRI_mergedBams/HG01162-J-0.bam	s3://1000g-ont/Kinnex/kinnex_1KGP/data/raw/HG01162/HG01162-J-0.flnc.bam$	FALSE
14463824242	HG01172-W-0.bam	HG01172	FALSE	TRUE	/net/eichler/vol28/projects/long_read_archive/nobackups/sharing/incoming/1KG_Kinnex/SCRI_mergedBams/HG01172-W-0.bam	s3://1000g-ont/Kinnex/kinnex_1KGP/data/raw/HG01172/HG01172-W-0.flnc.bam$	TRUE
15306192338	HG01173-J-0.bam	HG01173	FALSE	FALSE	/net/eichler/vol28/projects/long_read_archive/nobackups/sharing/incoming/1KG_Kinnex/SCRI_mergedBams/HG01173-J-0.bam	s3://1000g-ont/Kinnex/kinnex_1KGP/data/raw/HG01173/HG01173-J-0.flnc.bam$	FALSE
15141270395	HG01190-J-0.bam	HG01190	FALSE	FALSE	/net/eichler/vol28/projects/long_read_archive/nobackups/sharing/incoming/1KG_Kinnex/SCRI_mergedBams/HG01190-J-0.bam	s3://1000g-ont/Kinnex/kinnex_1KGP/data/raw/HG01190/HG01190-J-0.flnc.bam$	FALSE
15546431415	HG01204-J-0.bam	HG01204	TRUE	TRUE	/net/eichler/vol28/projects/long_read_archive/nobackups/sharing/incoming/1KG_Kinnex/SCRI_mergedBams/HG01204-J-0.bam	s3://1000g-ont/Kinnex/kinnex_1KGP/data/raw/HG01204/HG01204-J-0.flnc.bam$	FALSE
23709309193	HG01204-W-0.bam	HG01204	TRUE	TRUE	/net/eichler/vol28/projects/long_read_archive/nobackups/sharing/incoming/1KG_Kinnex/SCRI_mergedBams/HG01204-W-0.bam	s3://1000g-ont/Kinnex/kinnex_1KGP/data/raw/HG01204/HG01204-W-0.flnc.bam$	FALSE
14565995632	HG01258-W-0.bam	HG01258	FALSE	FALSE	/net/eichler/vol28/projects/long_read_archive/nobackups/sharing/incoming/1KG_Kinnex/SCRI_mergedBams/HG01258-W-0.bam	s3://1000g-ont/Kinnex/kinnex_1KGP/data/raw/HG01258/HG01258-W-0.flnc.bam$	FALSE
10446051169	HG01260-J-0.bam	HG01260	FALSE	FALSE	/net/eichler/vol28/projects/long_read_archive/nobackups/sharing/incoming/1KG_Kinnex/SCRI_mergedBams/HG01260-J-0.bam	s3://1000g-ont/Kinnex/kinnex_1KGP/data/raw/HG01260/HG01260-J-0.flnc.bam$	FALSE
14548711843	HG01273-W-0.bam	HG01273	FALSE	FALSE	/net/eichler/vol28/projects/long_read_archive/nobackups/sharing/incoming/1KG_Kinnex/SCRI_mergedBams/HG01273-W-0.bam	s3://1000g-ont/Kinnex/kinnex_1KGP/data/raw/HG01273/HG01273-W-0.flnc.bam$	FALSE
12326543172	HG01276-W-0.bam	HG01276	FALSE	FALSE	/net/eichler/vol28/projects/long_read_archive/nobackups/sharing/incoming/1KG_Kinnex/SCRI_mergedBams/HG01276-W-0.bam	s3://1000g-ont/Kinnex/kinnex_1KGP/data/raw/HG01276/HG01276-W-0.flnc.bam$	FALSE
13735063482	HG01312-J-0.bam	HG01312	FALSE	TRUE	/net/eichler/vol28/projects/long_read_archive/nobackups/sharing/incoming/1KG_Kinnex/SCRI_mergedBams/HG01312-J-0.bam	s3://1000g-ont/Kinnex/kinnex_1KGP/data/raw/HG01312/HG01312-J-0.flnc.bam$	TRUE
16146943001	HG01342-J-0.bam	HG01342	FALSE	TRUE	/net/eichler/vol28/projects/long_read_archive/nobackups/sharing/incoming/1KG_Kinnex/SCRI_mergedBams/HG01342-J-0.bam	s3://1000g-ont/Kinnex/kinnex_1KGP/data/raw/HG01342/HG01342-J-0.flnc.bam$	TRUE
12414117493	HG01345-J-0.bam	HG01345	FALSE	FALSE	/net/eichler/vol28/projects/long_read_archive/nobackups/sharing/incoming/1KG_Kinnex/SCRI_mergedBams/HG01345-J-0.bam	s3://1000g-ont/Kinnex/kinnex_1KGP/data/raw/HG01345/HG01345-J-0.flnc.bam$	FALSE
15686025590	HG01349-W-0.bam	HG01349	FALSE	TRUE	/net/eichler/vol28/projects/long_read_archive/nobackups/sharing/incoming/1KG_Kinnex/SCRI_mergedBams/HG01349-W-0.bam	s3://1000g-ont/Kinnex/kinnex_1KGP/data/raw/HG01349/HG01349-W-0.flnc.bam$	TRUE
20537199139	HG01367-W-0.bam	HG01367	FALSE	TRUE	/net/eichler/vol28/projects/long_read_archive/nobackups/sharing/incoming/1KG_Kinnex/SCRI_mergedBams/HG01367-W-0.bam	s3://1000g-ont/Kinnex/kinnex_1KGP/data/raw/HG01367/HG01367-W-0.flnc.bam$	TRUE
29919152027	HG01372-J-0.bam	HG01372	FALSE	TRUE	/net/eichler/vol28/projects/long_read_archive/nobackups/sharing/incoming/1KG_Kinnex/SCRI_mergedBams/HG01372-J-0.bam	s3://1000g-ont/Kinnex/kinnex_1KGP/data/raw/HG01372/HG01372-J-0.flnc.bam$	TRUE
14694081259	HG01389-J-0.bam	HG01389	FALSE	FALSE	/net/eichler/vol28/projects/long_read_archive/nobackups/sharing/incoming/1KG_Kinnex/SCRI_mergedBams/HG01389-J-0.bam	s3://1000g-ont/Kinnex/kinnex_1KGP/data/raw/HG01389/HG01389-J-0.flnc.bam$	FALSE
14449916798	HG01390-J-0.bam	HG01390	FALSE	FALSE	/net/eichler/vol28/projects/long_read_archive/nobackups/sharing/incoming/1KG_Kinnex/SCRI_mergedBams/HG01390-J-0.bam	s3://1000g-ont/Kinnex/kinnex_1KGP/data/raw/HG01390/HG01390-J-0.flnc.bam$	FALSE
17457728064	HG01393-J-0.bam	HG01393	FALSE	FALSE	/net/eichler/vol28/projects/long_read_archive/nobackups/sharing/incoming/1KG_Kinnex/SCRI_mergedBams/HG01393-J-0.bam	s3://1000g-ont/Kinnex/kinnex_1KGP/data/raw/HG01393/HG01393-J-0.flnc.bam$	FALSE
13327216890	HG01443-W-0.bam	HG01443	FALSE	TRUE	/net/eichler/vol28/projects/long_read_archive/nobackups/sharing/incoming/1KG_Kinnex/SCRI_mergedBams/HG01443-W-0.bam	s3://1000g-ont/Kinnex/kinnex_1KGP/data/raw/HG01443/HG01443-W-0.flnc.bam$	TRUE
15346542806	HG01447-J-0.bam	HG01447	FALSE	TRUE	/net/eichler/vol28/projects/long_read_archive/nobackups/sharing/incoming/1KG_Kinnex/SCRI_mergedBams/HG01447-J-0.bam	s3://1000g-ont/Kinnex/kinnex_1KGP/data/raw/HG01447/HG01447-J-0.flnc.bam$	TRUE
15135262321	HG01489-J-0.bam	HG01489	FALSE	FALSE	/net/eichler/vol28/projects/long_read_archive/nobackups/sharing/incoming/1KG_Kinnex/SCRI_mergedBams/HG01489-J-0.bam	s3://1000g-ont/Kinnex/kinnex_1KGP/data/raw/HG01489/HG01489-J-0.flnc.bam$	FALSE
13949166746	HG01494-J-0.bam	HG01494	FALSE	FALSE	/net/eichler/vol28/projects/long_read_archive/nobackups/sharing/incoming/1KG_Kinnex/SCRI_mergedBams/HG01494-J-0.bam	s3://1000g-ont/Kinnex/kinnex_1KGP/data/raw/HG01494/HG01494-J-0.flnc.bam$	FALSE
14723998967	HG01506-J-0.bam	HG01506	FALSE	TRUE	/net/eichler/vol28/projects/long_read_archive/nobackups/sharing/incoming/1KG_Kinnex/SCRI_mergedBams/HG01506-J-0.bam	s3://1000g-ont/Kinnex/kinnex_1KGP/data/raw/HG01506/HG01506-J-0.flnc.bam$	TRUE
29752235758	HG01508-W-0.bam	HG01508	FALSE	TRUE	/net/eichler/vol28/projects/long_read_archive/nobackups/sharing/incoming/1KG_Kinnex/SCRI_mergedBams/HG01508-W-0.bam	s3://1000g-ont/Kinnex/kinnex_1KGP/data/raw/HG01508/HG01508-W-0.flnc.bam$	TRUE
15604852038	HG01523-W-0.bam	HG01523	FALSE	TRUE	/net/eichler/vol28/projects/long_read_archive/nobackups/sharing/incoming/1KG_Kinnex/SCRI_mergedBams/HG01523-W-0.bam	s3://1000g-ont/Kinnex/kinnex_1KGP/data/raw/HG01523/HG01523-W-0.flnc.bam$	TRUE
16475455803	HG01524-J-0.bam	HG01524	FALSE	TRUE	/net/eichler/vol28/projects/long_read_archive/nobackups/sharing/incoming/1KG_Kinnex/SCRI_mergedBams/HG01524-J-0.bam	s3://1000g-ont/Kinnex/kinnex_1KGP/data/raw/HG01524/HG01524-J-0.flnc.bam$	TRUE
14158995198	HG01526-W-0.bam	HG01526	FALSE	FALSE	/net/eichler/vol28/projects/long_read_archive/nobackups/sharing/incoming/1KG_Kinnex/SCRI_mergedBams/HG01526-W-0.bam	s3://1000g-ont/Kinnex/kinnex_1KGP/data/raw/HG01526/HG01526-W-0.flnc.bam$	FALSE
19268476728	HG01567-W-0.bam	HG01567	FALSE	TRUE	/net/eichler/vol28/projects/long_read_archive/nobackups/sharing/incoming/1KG_Kinnex/SCRI_mergedBams/HG01567-W-0.bam	s3://1000g-ont/Kinnex/kinnex_1KGP/data/raw/HG01567/HG01567-W-0.flnc.bam$	TRUE
15359832860	HG01578-J-0.bam	HG01578	TRUE	TRUE	/net/eichler/vol28/projects/long_read_archive/nobackups/sharing/incoming/1KG_Kinnex/SCRI_mergedBams/HG01578-J-0.bam	s3://1000g-ont/Kinnex/kinnex_1KGP/data/raw/HG01578/HG01578-J-0.flnc.bam$	FALSE
15677552661	HG01593-J-0.bam	HG01593	FALSE	TRUE	/net/eichler/vol28/projects/long_read_archive/nobackups/sharing/incoming/1KG_Kinnex/SCRI_mergedBams/HG01593-J-0.bam	s3://1000g-ont/Kinnex/kinnex_1KGP/data/raw/HG01593/HG01593-J-0.flnc.bam$	TRUE
21187825096	HG01598-J-0.bam	HG01598	TRUE	TRUE	/net/eichler/vol28/projects/long_read_archive/nobackups/sharing/incoming/1KG_Kinnex/SCRI_mergedBams/HG01598-J-0.bam	s3://1000g-ont/Kinnex/kinnex_1KGP/data/raw/HG01598/HG01598-J-0.flnc.bam$	FALSE
15052013119	HG01606-J-0.bam	HG01606	FALSE	TRUE	/net/eichler/vol28/projects/long_read_archive/nobackups/sharing/incoming/1KG_Kinnex/SCRI_mergedBams/HG01606-J-0.bam	s3://1000g-ont/Kinnex/kinnex_1KGP/data/raw/HG01606/HG01606-J-0.flnc.bam$	TRUE
14088472650	HG01610-J-0.bam	HG01610	FALSE	FALSE	/net/eichler/vol28/projects/long_read_archive/nobackups/sharing/incoming/1KG_Kinnex/SCRI_mergedBams/HG01610-J-0.bam	s3://1000g-ont/Kinnex/kinnex_1KGP/data/raw/HG01610/HG01610-J-0.flnc.bam$	FALSE
14435511159	HG01615-J-0.bam	HG01615	FALSE	FALSE	/net/eichler/vol28/projects/long_read_archive/nobackups/sharing/incoming/1KG_Kinnex/SCRI_mergedBams/HG01615-J-0.bam	s3://1000g-ont/Kinnex/kinnex_1KGP/data/raw/HG01615/HG01615-J-0.flnc.bam$	FALSE
11695821109	HG01669-J-0.bam	HG01669	FALSE	FALSE	/net/eichler/vol28/projects/long_read_archive/nobackups/sharing/incoming/1KG_Kinnex/SCRI_mergedBams/HG01669-J-0.bam	s3://1000g-ont/Kinnex/kinnex_1KGP/data/raw/HG01669/HG01669-J-0.flnc.bam$	FALSE
13127710496	HG01682-J-0.bam	HG01682	FALSE	FALSE	/net/eichler/vol28/projects/long_read_archive/nobackups/sharing/incoming/1KG_Kinnex/SCRI_mergedBams/HG01682-J-0.bam	s3://1000g-ont/Kinnex/kinnex_1KGP/data/raw/HG01682/HG01682-J-0.flnc.bam$	FALSE
22273997185	HG01684-J-0.bam	HG01684	TRUE	TRUE	/net/eichler/vol28/projects/long_read_archive/nobackups/sharing/incoming/1KG_Kinnex/SCRI_mergedBams/HG01684-J-0.bam	s3://1000g-ont/Kinnex/kinnex_1KGP/data/raw/HG01684/HG01684-J-0.flnc.bam$	FALSE
14486482975	HG01762-J-0.bam	HG01762	FALSE	TRUE	/net/eichler/vol28/projects/long_read_archive/nobackups/sharing/incoming/1KG_Kinnex/SCRI_mergedBams/HG01762-J-0.bam	s3://1000g-ont/Kinnex/kinnex_1KGP/data/raw/HG01762/HG01762-J-0.flnc.bam$	TRUE
28115913396	HG01765-J-0.bam	HG01765	FALSE	TRUE	/net/eichler/vol28/projects/long_read_archive/nobackups/sharing/incoming/1KG_Kinnex/SCRI_mergedBams/HG01765-J-0.bam	s3://1000g-ont/Kinnex/kinnex_1KGP/data/raw/HG01765/HG01765-J-0.flnc.bam$	TRUE
13348430766	HG01767-W-0.bam	HG01767	FALSE	FALSE	/net/eichler/vol28/projects/long_read_archive/nobackups/sharing/incoming/1KG_Kinnex/SCRI_mergedBams/HG01767-W-0.bam	s3://1000g-ont/Kinnex/kinnex_1KGP/data/raw/HG01767/HG01767-W-0.flnc.bam$	FALSE
14999158194	HG01768-W-0.bam	HG01768	FALSE	FALSE	/net/eichler/vol28/projects/long_read_archive/nobackups/sharing/incoming/1KG_Kinnex/SCRI_mergedBams/HG01768-W-0.bam	s3://1000g-ont/Kinnex/kinnex_1KGP/data/raw/HG01768/HG01768-W-0.flnc.bam$	FALSE
16994867780	HG01771-J-0.bam	HG01771	FALSE	TRUE	/net/eichler/vol28/projects/long_read_archive/nobackups/sharing/incoming/1KG_Kinnex/SCRI_mergedBams/HG01771-J-0.bam	s3://1000g-ont/Kinnex/kinnex_1KGP/data/raw/HG01771/HG01771-J-0.flnc.bam$	TRUE
14151736683	HG01790-J-0.bam	HG01790	FALSE	TRUE	/net/eichler/vol28/projects/long_read_archive/nobackups/sharing/incoming/1KG_Kinnex/SCRI_mergedBams/HG01790-J-0.bam	s3://1000g-ont/Kinnex/kinnex_1KGP/data/raw/HG01790/HG01790-J-0.flnc.bam$	TRUE
14019113410	HG01795-W-0.bam	HG01795	FALSE	TRUE	/net/eichler/vol28/projects/long_read_archive/nobackups/sharing/incoming/1KG_Kinnex/SCRI_mergedBams/HG01795-W-0.bam	s3://1000g-ont/Kinnex/kinnex_1KGP/data/raw/HG01795/HG01795-W-0.flnc.bam$	TRUE
14359996568	HG01797-J-0.bam	HG01797	FALSE	FALSE	/net/eichler/vol28/projects/long_read_archive/nobackups/sharing/incoming/1KG_Kinnex/SCRI_mergedBams/HG01797-J-0.bam	s3://1000g-ont/Kinnex/kinnex_1KGP/data/raw/HG01797/HG01797-J-0.flnc.bam$	FALSE
22642980276	HG01817-J-0.bam	HG01817	FALSE	TRUE	/net/eichler/vol28/projects/long_read_archive/nobackups/sharing/incoming/1KG_Kinnex/SCRI_mergedBams/HG01817-J-0.bam	s3://1000g-ont/Kinnex/kinnex_1KGP/data/raw/HG01817/HG01817-J-0.flnc.bam$	TRUE
16604626817	HG01846-J-0.bam	HG01846	FALSE	TRUE	/net/eichler/vol28/projects/long_read_archive/nobackups/sharing/incoming/1KG_Kinnex/SCRI_mergedBams/HG01846-J-0.bam	s3://1000g-ont/Kinnex/kinnex_1KGP/data/raw/HG01846/HG01846-J-0.flnc.bam$	TRUE
16403832389	HG01847-W-0.bam	HG01847	FALSE	FALSE	/net/eichler/vol28/projects/long_read_archive/nobackups/sharing/incoming/1KG_Kinnex/SCRI_mergedBams/HG01847-W-0.bam	s3://1000g-ont/Kinnex/kinnex_1KGP/data/raw/HG01847/HG01847-W-0.flnc.bam$	FALSE
16155163849	HG01851-J-0.bam	HG01851	FALSE	TRUE	/net/eichler/vol28/projects/long_read_archive/nobackups/sharing/incoming/1KG_Kinnex/SCRI_mergedBams/HG01851-J-0.bam	s3://1000g-ont/Kinnex/kinnex_1KGP/data/raw/HG01851/HG01851-J-0.flnc.bam$	TRUE
12581173600	HG01858-J-0.bam	HG01858	FALSE	TRUE	/net/eichler/vol28/projects/long_read_archive/nobackups/sharing/incoming/1KG_Kinnex/SCRI_mergedBams/HG01858-J-0.bam	s3://1000g-ont/Kinnex/kinnex_1KGP/data/raw/HG01858/HG01858-J-0.flnc.bam$	TRUE
16421904124	HG01860-W-0.bam	HG01860	FALSE	TRUE	/net/eichler/vol28/projects/long_read_archive/nobackups/sharing/incoming/1KG_Kinnex/SCRI_mergedBams/HG01860-W-0.bam	s3://1000g-ont/Kinnex/kinnex_1KGP/data/raw/HG01860/HG01860-W-0.flnc.bam$	TRUE
13644657182	HG01862-J-0.bam	HG01862	FALSE	FALSE	/net/eichler/vol28/projects/long_read_archive/nobackups/sharing/incoming/1KG_Kinnex/SCRI_mergedBams/HG01862-J-0.bam	s3://1000g-ont/Kinnex/kinnex_1KGP/data/raw/HG01862/HG01862-J-0.flnc.bam$	FALSE
15592706922	HG01870-J-0.bam	HG01870	FALSE	FALSE	/net/eichler/vol28/projects/long_read_archive/nobackups/sharing/incoming/1KG_Kinnex/SCRI_mergedBams/HG01870-J-0.bam	s3://1000g-ont/Kinnex/kinnex_1KGP/data/raw/HG01870/HG01870-J-0.flnc.bam$	FALSE
27732336916	HG01872-J-0.bam	HG01872	FALSE	TRUE	/net/eichler/vol28/projects/long_read_archive/nobackups/sharing/incoming/1KG_Kinnex/SCRI_mergedBams/HG01872-J-0.bam	s3://1000g-ont/Kinnex/kinnex_1KGP/data/raw/HG01872/HG01872-J-0.flnc.bam$	TRUE
15019266710	HG01878-J-0.bam	HG01878	FALSE	TRUE	/net/eichler/vol28/projects/long_read_archive/nobackups/sharing/incoming/1KG_Kinnex/SCRI_mergedBams/HG01878-J-0.bam	s3://1000g-ont/Kinnex/kinnex_1KGP/data/raw/HG01878/HG01878-J-0.flnc.bam$	TRUE
21915691780	HG01881-W-0.bam	HG01881	FALSE	TRUE	/net/eichler/vol28/projects/long_read_archive/nobackups/sharing/incoming/1KG_Kinnex/SCRI_mergedBams/HG01881-W-0.bam	s3://1000g-ont/Kinnex/kinnex_1KGP/data/raw/HG01881/HG01881-W-0.flnc.bam$	TRUE
13681358210	HG01882-W-0.bam	HG01882	FALSE	TRUE	/net/eichler/vol28/projects/long_read_archive/nobackups/sharing/incoming/1KG_Kinnex/SCRI_mergedBams/HG01882-W-0.bam	s3://1000g-ont/Kinnex/kinnex_1KGP/data/raw/HG01882/HG01882-W-0.flnc.bam$	TRUE
18528810473	HG01883-W-0.bam	HG01883	FALSE	FALSE	/net/eichler/vol28/projects/long_read_archive/nobackups/sharing/incoming/1KG_Kinnex/SCRI_mergedBams/HG01883-W-0.bam	s3://1000g-ont/Kinnex/kinnex_1KGP/data/raw/HG01883/HG01883-W-0.flnc.bam$	FALSE
13609880359	HG01887-W-0.bam	HG01887	FALSE	TRUE	/net/eichler/vol28/projects/long_read_archive/nobackups/sharing/incoming/1KG_Kinnex/SCRI_mergedBams/HG01887-W-0.bam	s3://1000g-ont/Kinnex/kinnex_1KGP/data/raw/HG01887/HG01887-W-0.flnc.bam$	TRUE
13691002569	HG01890-J-0.bam	HG01890	FALSE	FALSE	/net/eichler/vol28/projects/long_read_archive/nobackups/sharing/incoming/1KG_Kinnex/SCRI_mergedBams/HG01890-J-0.bam	s3://1000g-ont/Kinnex/kinnex_1KGP/data/raw/HG01890/HG01890-J-0.flnc.bam$	FALSE
14581123678	HG01893-J-0.bam	HG01893	FALSE	FALSE	/net/eichler/vol28/projects/long_read_archive/nobackups/sharing/incoming/1KG_Kinnex/SCRI_mergedBams/HG01893-J-0.bam	s3://1000g-ont/Kinnex/kinnex_1KGP/data/raw/HG01893/HG01893-J-0.flnc.bam$	FALSE
11820020730	HG01918-J-0.bam	HG01918	FALSE	TRUE	/net/eichler/vol28/projects/long_read_archive/nobackups/sharing/incoming/1KG_Kinnex/SCRI_mergedBams/HG01918-J-0.bam	s3://1000g-ont/Kinnex/kinnex_1KGP/data/raw/HG01918/HG01918-J-0.flnc.bam$	TRUE
29987597303	HG01959-W-0.bam	HG01959	FALSE	TRUE	/net/eichler/vol28/projects/long_read_archive/nobackups/sharing/incoming/1KG_Kinnex/SCRI_mergedBams/HG01959-W-0.bam	s3://1000g-ont/Kinnex/kinnex_1KGP/data/raw/HG01959/HG01959-W-0.flnc.bam$	TRUE
13664418765	HG01965-J-0.bam	HG01965	FALSE	FALSE	/net/eichler/vol28/projects/long_read_archive/nobackups/sharing/incoming/1KG_Kinnex/SCRI_mergedBams/HG01965-J-0.bam	s3://1000g-ont/Kinnex/kinnex_1KGP/data/raw/HG01965/HG01965-J-0.flnc.bam$	FALSE
14127223511	HG01973-J-0.bam	HG01973	FALSE	FALSE	/net/eichler/vol28/projects/long_read_archive/nobackups/sharing/incoming/1KG_Kinnex/SCRI_mergedBams/HG01973-J-0.bam	s3://1000g-ont/Kinnex/kinnex_1KGP/data/raw/HG01973/HG01973-J-0.flnc.bam$	FALSE
13126489697	HG01987-W-0.bam	HG01987	TRUE	TRUE	/net/eichler/vol28/projects/long_read_archive/nobackups/sharing/incoming/1KG_Kinnex/SCRI_mergedBams/HG01987-W-0.bam	s3://1000g-ont/Kinnex/kinnex_1KGP/data/raw/HG01987/HG01987-W-0.flnc.bam$	FALSE
13411928894	HG02023-J-0.bam	HG02023	TRUE	FALSE	/net/eichler/vol28/projects/long_read_archive/nobackups/sharing/incoming/1KG_Kinnex/SCRI_mergedBams/HG02023-J-0.bam	s3://1000g-ont/Kinnex/kinnex_1KGP/data/raw/HG02023/HG02023-J-0.flnc.bam$	FALSE
14746624603	HG02026-W-0.bam	HG02026	FALSE	FALSE	/net/eichler/vol28/projects/long_read_archive/nobackups/sharing/incoming/1KG_Kinnex/SCRI_mergedBams/HG02026-W-0.bam	s3://1000g-ont/Kinnex/kinnex_1KGP/data/raw/HG02026/HG02026-W-0.flnc.bam$	FALSE
15032260507	HG02030-W-0.bam	HG02030	FALSE	FALSE	/net/eichler/vol28/projects/long_read_archive/nobackups/sharing/incoming/1KG_Kinnex/SCRI_mergedBams/HG02030-W-0.bam	s3://1000g-ont/Kinnex/kinnex_1KGP/data/raw/HG02030/HG02030-W-0.flnc.bam$	FALSE
14085450292	HG02031-W-0.bam	HG02031	TRUE	FALSE	/net/eichler/vol28/projects/long_read_archive/nobackups/sharing/incoming/1KG_Kinnex/SCRI_mergedBams/HG02031-W-0.bam	s3://1000g-ont/Kinnex/kinnex_1KGP/data/raw/HG02031/HG02031-W-0.flnc.bam$	FALSE
16060960113	HG02058-J-0.bam	HG02058	FALSE	TRUE	/net/eichler/vol28/projects/long_read_archive/nobackups/sharing/incoming/1KG_Kinnex/SCRI_mergedBams/HG02058-J-0.bam	s3://1000g-ont/Kinnex/kinnex_1KGP/data/raw/HG02058/HG02058-J-0.flnc.bam$	TRUE
14852775192	HG02067-J-0.bam	HG02067	FALSE	TRUE	/net/eichler/vol28/projects/long_read_archive/nobackups/sharing/incoming/1KG_Kinnex/SCRI_mergedBams/HG02067-J-0.bam	s3://1000g-ont/Kinnex/kinnex_1KGP/data/raw/HG02067/HG02067-J-0.flnc.bam$	TRUE
14150416014	HG02104-J-0.bam	HG02104	FALSE	TRUE	/net/eichler/vol28/projects/long_read_archive/nobackups/sharing/incoming/1KG_Kinnex/SCRI_mergedBams/HG02104-J-0.bam	s3://1000g-ont/Kinnex/kinnex_1KGP/data/raw/HG02104/HG02104-J-0.flnc.bam$	TRUE
17967749415	HG02105-J-0.bam	HG02105	FALSE	TRUE	/net/eichler/vol28/projects/long_read_archive/nobackups/sharing/incoming/1KG_Kinnex/SCRI_mergedBams/HG02105-J-0.bam	s3://1000g-ont/Kinnex/kinnex_1KGP/data/raw/HG02105/HG02105-J-0.flnc.bam$	TRUE
16270156399	HG02113-W-0.bam	HG02113	FALSE	TRUE	/net/eichler/vol28/projects/long_read_archive/nobackups/sharing/incoming/1KG_Kinnex/SCRI_mergedBams/HG02113-W-0.bam	s3://1000g-ont/Kinnex/kinnex_1KGP/data/raw/HG02113/HG02113-W-0.flnc.bam$	TRUE
12952780343	HG02120-W-0.bam	HG02120	FALSE	TRUE	/net/eichler/vol28/projects/long_read_archive/nobackups/sharing/incoming/1KG_Kinnex/SCRI_mergedBams/HG02120-W-0.bam	s3://1000g-ont/Kinnex/kinnex_1KGP/data/raw/HG02120/HG02120-W-0.flnc.bam$	TRUE
13273649227	HG02128-J-0.bam	HG02128	TRUE	TRUE	/net/eichler/vol28/projects/long_read_archive/nobackups/sharing/incoming/1KG_Kinnex/SCRI_mergedBams/HG02128-J-0.bam	s3://1000g-ont/Kinnex/kinnex_1KGP/data/raw/HG02128/HG02128-J-0.flnc.bam$	FALSE
14645594513	HG02142-J-0.bam	HG02142	FALSE	FALSE	/net/eichler/vol28/projects/long_read_archive/nobackups/sharing/incoming/1KG_Kinnex/SCRI_mergedBams/HG02142-J-0.bam	s3://1000g-ont/Kinnex/kinnex_1KGP/data/raw/HG02142/HG02142-J-0.flnc.bam$	FALSE
13508573046	HG02155-J-0.bam	HG02155	FALSE	FALSE	/net/eichler/vol28/projects/long_read_archive/nobackups/sharing/incoming/1KG_Kinnex/SCRI_mergedBams/HG02155-J-0.bam	s3://1000g-ont/Kinnex/kinnex_1KGP/data/raw/HG02155/HG02155-J-0.flnc.bam$	FALSE
16292288257	HG02156-J-0.bam	HG02156	FALSE	TRUE	/net/eichler/vol28/projects/long_read_archive/nobackups/sharing/incoming/1KG_Kinnex/SCRI_mergedBams/HG02156-J-0.bam	s3://1000g-ont/Kinnex/kinnex_1KGP/data/raw/HG02156/HG02156-J-0.flnc.bam$	TRUE
13232818785	HG02166-J-0.bam	HG02166	FALSE	FALSE	/net/eichler/vol28/projects/long_read_archive/nobackups/sharing/incoming/1KG_Kinnex/SCRI_mergedBams/HG02166-J-0.bam	s3://1000g-ont/Kinnex/kinnex_1KGP/data/raw/HG02166/HG02166-J-0.flnc.bam$	FALSE
15423383861	HG02179-W-0.bam	HG02179	FALSE	TRUE	/net/eichler/vol28/projects/long_read_archive/nobackups/sharing/incoming/1KG_Kinnex/SCRI_mergedBams/HG02179-W-0.bam	s3://1000g-ont/Kinnex/kinnex_1KGP/data/raw/HG02179/HG02179-W-0.flnc.bam$	TRUE
11928121422	HG02186-W-0.bam	HG02186	FALSE	FALSE	/net/eichler/vol28/projects/long_read_archive/nobackups/sharing/incoming/1KG_Kinnex/SCRI_mergedBams/HG02186-W-0.bam	s3://1000g-ont/Kinnex/kinnex_1KGP/data/raw/HG02186/HG02186-W-0.flnc.bam$	FALSE
14154641588	HG02220-W-0.bam	HG02220	FALSE	FALSE	/net/eichler/vol28/projects/long_read_archive/nobackups/sharing/incoming/1KG_Kinnex/SCRI_mergedBams/HG02220-W-0.bam	s3://1000g-ont/Kinnex/kinnex_1KGP/data/raw/HG02220/HG02220-W-0.flnc.bam$	FALSE
13931915990	HG02236-J-0.bam	HG02236	FALSE	FALSE	/net/eichler/vol28/projects/long_read_archive/nobackups/sharing/incoming/1KG_Kinnex/SCRI_mergedBams/HG02236-J-0.bam	s3://1000g-ont/Kinnex/kinnex_1KGP/data/raw/HG02236/HG02236-J-0.flnc.bam$	FALSE
13792928791	HG02250-J-0.bam	HG02250	FALSE	TRUE	/net/eichler/vol28/projects/long_read_archive/nobackups/sharing/incoming/1KG_Kinnex/SCRI_mergedBams/HG02250-J-0.bam	s3://1000g-ont/Kinnex/kinnex_1KGP/data/raw/HG02250/HG02250-J-0.flnc.bam$	TRUE
13544062944	HG02271-J-0.bam	HG02271	FALSE	TRUE	/net/eichler/vol28/projects/long_read_archive/nobackups/sharing/incoming/1KG_Kinnex/SCRI_mergedBams/HG02271-J-0.bam	s3://1000g-ont/Kinnex/kinnex_1KGP/data/raw/HG02271/HG02271-J-0.flnc.bam$	TRUE
19304176371	HG02274-J-0.bam	HG02274	FALSE	TRUE	/net/eichler/vol28/projects/long_read_archive/nobackups/sharing/incoming/1KG_Kinnex/SCRI_mergedBams/HG02274-J-0.bam	s3://1000g-ont/Kinnex/kinnex_1KGP/data/raw/HG02274/HG02274-J-0.flnc.bam$	TRUE
33239246354	HG02301-W-0.bam	HG02301	FALSE	TRUE	/net/eichler/vol28/projects/long_read_archive/nobackups/sharing/incoming/1KG_Kinnex/SCRI_mergedBams/HG02301-W-0.bam	s3://1000g-ont/Kinnex/kinnex_1KGP/data/raw/HG02301/HG02301-W-0.flnc.bam$	TRUE
14786585890	HG02307-J-0.bam	HG02307	FALSE	TRUE	/net/eichler/vol28/projects/long_read_archive/nobackups/sharing/incoming/1KG_Kinnex/SCRI_mergedBams/HG02307-J-0.bam	s3://1000g-ont/Kinnex/kinnex_1KGP/data/raw/HG02307/HG02307-J-0.flnc.bam$	TRUE
14686054874	HG02312-J-0.bam	HG02312	FALSE	FALSE	/net/eichler/vol28/projects/long_read_archive/nobackups/sharing/incoming/1KG_Kinnex/SCRI_mergedBams/HG02312-J-0.bam	s3://1000g-ont/Kinnex/kinnex_1KGP/data/raw/HG02312/HG02312-J-0.flnc.bam$	FALSE
15788111176	HG02316-W-0.bam	HG02316	FALSE	TRUE	/net/eichler/vol28/projects/long_read_archive/nobackups/sharing/incoming/1KG_Kinnex/SCRI_mergedBams/HG02316-W-0.bam	s3://1000g-ont/Kinnex/kinnex_1KGP/data/raw/HG02316/HG02316-W-0.flnc.bam$	TRUE
14099212767	HG02318-W-0.bam	HG02318	FALSE	FALSE	/net/eichler/vol28/projects/long_read_archive/nobackups/sharing/incoming/1KG_Kinnex/SCRI_mergedBams/HG02318-W-0.bam	s3://1000g-ont/Kinnex/kinnex_1KGP/data/raw/HG02318/HG02318-W-0.flnc.bam$	FALSE
16717555525	HG02323-J-0.bam	HG02323	FALSE	TRUE	/net/eichler/vol28/projects/long_read_archive/nobackups/sharing/incoming/1KG_Kinnex/SCRI_mergedBams/HG02323-J-0.bam	s3://1000g-ont/Kinnex/kinnex_1KGP/data/raw/HG02323/HG02323-J-0.flnc.bam$	TRUE
16029934348	HG02334-J-0.bam	HG02334	FALSE	TRUE	/net/eichler/vol28/projects/long_read_archive/nobackups/sharing/incoming/1KG_Kinnex/SCRI_mergedBams/HG02334-J-0.bam	s3://1000g-ont/Kinnex/kinnex_1KGP/data/raw/HG02334/HG02334-J-0.flnc.bam$	TRUE
14914303054	HG02351-W-0.bam	HG02351	FALSE	TRUE	/net/eichler/vol28/projects/long_read_archive/nobackups/sharing/incoming/1KG_Kinnex/SCRI_mergedBams/HG02351-W-0.bam	s3://1000g-ont/Kinnex/kinnex_1KGP/data/raw/HG02351/HG02351-W-0.flnc.bam$	TRUE
25941742749	HG02386-W-0.bam	HG02386	FALSE	TRUE	/net/eichler/vol28/projects/long_read_archive/nobackups/sharing/incoming/1KG_Kinnex/SCRI_mergedBams/HG02386-W-0.bam	s3://1000g-ont/Kinnex/kinnex_1KGP/data/raw/HG02386/HG02386-W-0.flnc.bam$	TRUE
15414840992	HG02389-J-0.bam	HG02389	FALSE	TRUE	/net/eichler/vol28/projects/long_read_archive/nobackups/sharing/incoming/1KG_Kinnex/SCRI_mergedBams/HG02389-J-0.bam	s3://1000g-ont/Kinnex/kinnex_1KGP/data/raw/HG02389/HG02389-J-0.flnc.bam$	TRUE
15253652534	HG02396-J-0.bam	HG02396	FALSE	FALSE	/net/eichler/vol28/projects/long_read_archive/nobackups/sharing/incoming/1KG_Kinnex/SCRI_mergedBams/HG02396-J-0.bam	s3://1000g-ont/Kinnex/kinnex_1KGP/data/raw/HG02396/HG02396-J-0.flnc.bam$	FALSE
20195990017	HG02429-J-0.bam	HG02429	FALSE	TRUE	/net/eichler/vol28/projects/long_read_archive/nobackups/sharing/incoming/1KG_Kinnex/SCRI_mergedBams/HG02429-J-0.bam	s3://1000g-ont/Kinnex/kinnex_1KGP/data/raw/HG02429/HG02429-J-0.flnc.bam$	TRUE
15999712493	HG02481-J-0.bam	HG02481	FALSE	TRUE	/net/eichler/vol28/projects/long_read_archive/nobackups/sharing/incoming/1KG_Kinnex/SCRI_mergedBams/HG02481-J-0.bam	s3://1000g-ont/Kinnex/kinnex_1KGP/data/raw/HG02481/HG02481-J-0.flnc.bam$	TRUE
15228586623	HG02497-J-0.bam	HG02497	FALSE	TRUE	/net/eichler/vol28/projects/long_read_archive/nobackups/sharing/incoming/1KG_Kinnex/SCRI_mergedBams/HG02497-J-0.bam	s3://1000g-ont/Kinnex/kinnex_1KGP/data/raw/HG02497/HG02497-J-0.flnc.bam$	TRUE
18125567432	HG02502-J-0.bam	HG02502	FALSE	TRUE	/net/eichler/vol28/projects/long_read_archive/nobackups/sharing/incoming/1KG_Kinnex/SCRI_mergedBams/HG02502-J-0.bam	s3://1000g-ont/Kinnex/kinnex_1KGP/data/raw/HG02502/HG02502-J-0.flnc.bam$	TRUE
13552544400	HG02526-W-0.bam	HG02526	FALSE	FALSE	/net/eichler/vol28/projects/long_read_archive/nobackups/sharing/incoming/1KG_Kinnex/SCRI_mergedBams/HG02526-W-0.bam	s3://1000g-ont/Kinnex/kinnex_1KGP/data/raw/HG02526/HG02526-W-0.flnc.bam$	FALSE
15096498547	HG02545-J-0.bam	HG02545	FALSE	TRUE	/net/eichler/vol28/projects/long_read_archive/nobackups/sharing/incoming/1KG_Kinnex/SCRI_mergedBams/HG02545-J-0.bam	s3://1000g-ont/Kinnex/kinnex_1KGP/data/raw/HG02545/HG02545-J-0.flnc.bam$	TRUE
12944986484	HG02580-J-0.bam	HG02580	FALSE	FALSE	/net/eichler/vol28/projects/long_read_archive/nobackups/sharing/incoming/1KG_Kinnex/SCRI_mergedBams/HG02580-J-0.bam	s3://1000g-ont/Kinnex/kinnex_1KGP/data/raw/HG02580/HG02580-J-0.flnc.bam$	FALSE
14791828665	HG02601-J-0.bam	HG02601	FALSE	TRUE	/net/eichler/vol28/projects/long_read_archive/nobackups/sharing/incoming/1KG_Kinnex/SCRI_mergedBams/HG02601-J-0.bam	s3://1000g-ont/Kinnex/kinnex_1KGP/data/raw/HG02601/HG02601-J-0.flnc.bam$	TRUE
14198683881	HG02611-J-0.bam	HG02611	FALSE	TRUE	/net/eichler/vol28/projects/long_read_archive/nobackups/sharing/incoming/1KG_Kinnex/SCRI_mergedBams/HG02611-J-0.bam	s3://1000g-ont/Kinnex/kinnex_1KGP/data/raw/HG02611/HG02611-J-0.flnc.bam$	TRUE
14646498185	HG02614-J-0.bam	HG02614	FALSE	TRUE	/net/eichler/vol28/projects/long_read_archive/nobackups/sharing/incoming/1KG_Kinnex/SCRI_mergedBams/HG02614-J-0.bam	s3://1000g-ont/Kinnex/kinnex_1KGP/data/raw/HG02614/HG02614-J-0.flnc.bam$	TRUE
19624666614	HG02628-J-0.bam	HG02628	FALSE	TRUE	/net/eichler/vol28/projects/long_read_archive/nobackups/sharing/incoming/1KG_Kinnex/SCRI_mergedBams/HG02628-J-0.bam	s3://1000g-ont/Kinnex/kinnex_1KGP/data/raw/HG02628/HG02628-J-0.flnc.bam$	TRUE
11356986680	HG02650-W-0.bam	HG02650	FALSE	TRUE	/net/eichler/vol28/projects/long_read_archive/nobackups/sharing/incoming/1KG_Kinnex/SCRI_mergedBams/HG02650-W-0.bam	s3://1000g-ont/Kinnex/kinnex_1KGP/data/raw/HG02650/HG02650-W-0.flnc.bam$	TRUE
18621764987	HG02656-W-0.bam	HG02656	FALSE	TRUE	/net/eichler/vol28/projects/long_read_archive/nobackups/sharing/incoming/1KG_Kinnex/SCRI_mergedBams/HG02656-W-0.bam	s3://1000g-ont/Kinnex/kinnex_1KGP/data/raw/HG02656/HG02656-W-0.flnc.bam$	TRUE
12064574866	HG02659-W-0.bam	HG02659	FALSE	FALSE	/net/eichler/vol28/projects/long_read_archive/nobackups/sharing/incoming/1KG_Kinnex/SCRI_mergedBams/HG02659-W-0.bam	s3://1000g-ont/Kinnex/kinnex_1KGP/data/raw/HG02659/HG02659-W-0.flnc.bam$	FALSE
14309237361	HG02660-J-0.bam	HG02660	FALSE	TRUE	/net/eichler/vol28/projects/long_read_archive/nobackups/sharing/incoming/1KG_Kinnex/SCRI_mergedBams/HG02660-J-0.bam	s3://1000g-ont/Kinnex/kinnex_1KGP/data/raw/HG02660/HG02660-J-0.flnc.bam$	TRUE
14207416017	HG02661-W-0.bam	HG02661	FALSE	FALSE	/net/eichler/vol28/projects/long_read_archive/nobackups/sharing/incoming/1KG_Kinnex/SCRI_mergedBams/HG02661-W-0.bam	s3://1000g-ont/Kinnex/kinnex_1KGP/data/raw/HG02661/HG02661-W-0.flnc.bam$	FALSE
13698261526	HG02678-J-0.bam	HG02678	FALSE	TRUE	/net/eichler/vol28/projects/long_read_archive/nobackups/sharing/incoming/1KG_Kinnex/SCRI_mergedBams/HG02678-J-0.bam	s3://1000g-ont/Kinnex/kinnex_1KGP/data/raw/HG02678/HG02678-J-0.flnc.bam$	TRUE
12450925553	HG02686-W-0.bam	HG02686	FALSE	TRUE	/net/eichler/vol28/projects/long_read_archive/nobackups/sharing/incoming/1KG_Kinnex/SCRI_mergedBams/HG02686-W-0.bam	s3://1000g-ont/Kinnex/kinnex_1KGP/data/raw/HG02686/HG02686-W-0.flnc.bam$	TRUE
17853770739	HG02689-W-0.bam	HG02689	FALSE	TRUE	/net/eichler/vol28/projects/long_read_archive/nobackups/sharing/incoming/1KG_Kinnex/SCRI_mergedBams/HG02689-W-0.bam	s3://1000g-ont/Kinnex/kinnex_1KGP/data/raw/HG02689/HG02689-W-0.flnc.bam$	TRUE
16535610585	HG02697-J-0.bam	HG02697	FALSE	TRUE	/net/eichler/vol28/projects/long_read_archive/nobackups/sharing/incoming/1KG_Kinnex/SCRI_mergedBams/HG02697-J-0.bam	s3://1000g-ont/Kinnex/kinnex_1KGP/data/raw/HG02697/HG02697-J-0.flnc.bam$	TRUE
17475663169	HG02701-W-0.bam	HG02701	FALSE	FALSE	/net/eichler/vol28/projects/long_read_archive/nobackups/sharing/incoming/1KG_Kinnex/SCRI_mergedBams/HG02701-W-0.bam	s3://1000g-ont/Kinnex/kinnex_1KGP/data/raw/HG02701/HG02701-W-0.flnc.bam$	FALSE
17873729651	HG02703-J-0.bam	HG02703	FALSE	TRUE	/net/eichler/vol28/projects/long_read_archive/nobackups/sharing/incoming/1KG_Kinnex/SCRI_mergedBams/HG02703-J-0.bam	s3://1000g-ont/Kinnex/kinnex_1KGP/data/raw/HG02703/HG02703-J-0.flnc.bam$	TRUE
14536971793	HG02715-J-0.bam	HG02715	FALSE	FALSE	/net/eichler/vol28/projects/long_read_archive/nobackups/sharing/incoming/1KG_Kinnex/SCRI_mergedBams/HG02715-J-0.bam	s3://1000g-ont/Kinnex/kinnex_1KGP/data/raw/HG02715/HG02715-J-0.flnc.bam$	FALSE
14510602333	HG02726-W-0.bam	HG02726	FALSE	TRUE	/net/eichler/vol28/projects/long_read_archive/nobackups/sharing/incoming/1KG_Kinnex/SCRI_mergedBams/HG02726-W-0.bam	s3://1000g-ont/Kinnex/kinnex_1KGP/data/raw/HG02726/HG02726-W-0.flnc.bam$	TRUE
17983712701	HG02728-J-0.bam	HG02728	TRUE	TRUE	/net/eichler/vol28/projects/long_read_archive/nobackups/sharing/incoming/1KG_Kinnex/SCRI_mergedBams/HG02728-J-0.bam	s3://1000g-ont/Kinnex/kinnex_1KGP/data/raw/HG02728/HG02728-J-0.flnc.bam$	FALSE
15026640955	HG02729-W-0.bam	HG02729	FALSE	TRUE	/net/eichler/vol28/projects/long_read_archive/nobackups/sharing/incoming/1KG_Kinnex/SCRI_mergedBams/HG02729-W-0.bam	s3://1000g-ont/Kinnex/kinnex_1KGP/data/raw/HG02729/HG02729-W-0.flnc.bam$	TRUE
13925174974	HG02737-J-0.bam	HG02737	FALSE	FALSE	/net/eichler/vol28/projects/long_read_archive/nobackups/sharing/incoming/1KG_Kinnex/SCRI_mergedBams/HG02737-J-0.bam	s3://1000g-ont/Kinnex/kinnex_1KGP/data/raw/HG02737/HG02737-J-0.flnc.bam$	FALSE
10495868901	HG02789-J-0.bam	HG02789	FALSE	TRUE	/net/eichler/vol28/projects/long_read_archive/nobackups/sharing/incoming/1KG_Kinnex/SCRI_mergedBams/HG02789-J-0.bam	s3://1000g-ont/Kinnex/kinnex_1KGP/data/raw/HG02789/HG02789-J-0.flnc.bam$	TRUE
15435639216	HG02804-J-0.bam	HG02804	FALSE	TRUE	/net/eichler/vol28/projects/long_read_archive/nobackups/sharing/incoming/1KG_Kinnex/SCRI_mergedBams/HG02804-J-0.bam	s3://1000g-ont/Kinnex/kinnex_1KGP/data/raw/HG02804/HG02804-J-0.flnc.bam$	TRUE
13330131311	HG02812-W-0.bam	HG02812	FALSE	TRUE	/net/eichler/vol28/projects/long_read_archive/nobackups/sharing/incoming/1KG_Kinnex/SCRI_mergedBams/HG02812-W-0.bam	s3://1000g-ont/Kinnex/kinnex_1KGP/data/raw/HG02812/HG02812-W-0.flnc.bam$	TRUE
14354721851	HG02814-J-0.bam	HG02814	FALSE	FALSE	/net/eichler/vol28/projects/long_read_archive/nobackups/sharing/incoming/1KG_Kinnex/SCRI_mergedBams/HG02814-J-0.bam	s3://1000g-ont/Kinnex/kinnex_1KGP/data/raw/HG02814/HG02814-J-0.flnc.bam$	FALSE
16972173461	HG02851-J-0.bam	HG02851	FALSE	TRUE	/net/eichler/vol28/projects/long_read_archive/nobackups/sharing/incoming/1KG_Kinnex/SCRI_mergedBams/HG02851-J-0.bam	s3://1000g-ont/Kinnex/kinnex_1KGP/data/raw/HG02851/HG02851-J-0.flnc.bam$	TRUE
11506965185	HG02851-W-0.bam	HG02851	FALSE	FALSE	/net/eichler/vol28/projects/long_read_archive/nobackups/sharing/incoming/1KG_Kinnex/SCRI_mergedBams/HG02851-W-0.bam	s3://1000g-ont/Kinnex/kinnex_1KGP/data/raw/HG02851/HG02851-W-0.flnc.bam$	FALSE
15923081352	HG02852-W-0.bam	HG02852	FALSE	TRUE	/net/eichler/vol28/projects/long_read_archive/nobackups/sharing/incoming/1KG_Kinnex/SCRI_mergedBams/HG02852-W-0.bam	s3://1000g-ont/Kinnex/kinnex_1KGP/data/raw/HG02852/HG02852-W-0.flnc.bam$	TRUE
13008581801	HG02856-W-0.bam	HG02856	FALSE	TRUE	/net/eichler/vol28/projects/long_read_archive/nobackups/sharing/incoming/1KG_Kinnex/SCRI_mergedBams/HG02856-W-0.bam	s3://1000g-ont/Kinnex/kinnex_1KGP/data/raw/HG02856/HG02856-W-0.flnc.bam$	TRUE
12811587892	HG02888-J-0.bam	HG02888	FALSE	TRUE	/net/eichler/vol28/projects/long_read_archive/nobackups/sharing/incoming/1KG_Kinnex/SCRI_mergedBams/HG02888-J-0.bam	s3://1000g-ont/Kinnex/kinnex_1KGP/data/raw/HG02888/HG02888-J-0.flnc.bam$	TRUE
11477944833	HG02896-J-0.bam	HG02896	FALSE	TRUE	/net/eichler/vol28/projects/long_read_archive/nobackups/sharing/incoming/1KG_Kinnex/SCRI_mergedBams/HG02896-J-0.bam	s3://1000g-ont/Kinnex/kinnex_1KGP/data/raw/HG02896/HG02896-J-0.flnc.bam$	TRUE
17740935494	HG02945-W-0.bam	HG02945	FALSE	TRUE	/net/eichler/vol28/projects/long_read_archive/nobackups/sharing/incoming/1KG_Kinnex/SCRI_mergedBams/HG02945-W-0.bam	s3://1000g-ont/Kinnex/kinnex_1KGP/data/raw/HG02945/HG02945-W-0.flnc.bam$	TRUE
12144207345	HG02948-W-0.bam	HG02948	FALSE	TRUE	/net/eichler/vol28/projects/long_read_archive/nobackups/sharing/incoming/1KG_Kinnex/SCRI_mergedBams/HG02948-W-0.bam	s3://1000g-ont/Kinnex/kinnex_1KGP/data/raw/HG02948/HG02948-W-0.flnc.bam$	TRUE
14620295753	HG02972-W-0.bam	HG02972	FALSE	FALSE	/net/eichler/vol28/projects/long_read_archive/nobackups/sharing/incoming/1KG_Kinnex/SCRI_mergedBams/HG02972-W-0.bam	s3://1000g-ont/Kinnex/kinnex_1KGP/data/raw/HG02972/HG02972-W-0.flnc.bam$	FALSE
15829293564	HG02977-J-0.bam	HG02977	FALSE	TRUE	/net/eichler/vol28/projects/long_read_archive/nobackups/sharing/incoming/1KG_Kinnex/SCRI_mergedBams/HG02977-J-0.bam	s3://1000g-ont/Kinnex/kinnex_1KGP/data/raw/HG02977/HG02977-J-0.flnc.bam$	TRUE
14342634772	HG02979-J-0.bam	HG02979	FALSE	TRUE	/net/eichler/vol28/projects/long_read_archive/nobackups/sharing/incoming/1KG_Kinnex/SCRI_mergedBams/HG02979-J-0.bam	s3://1000g-ont/Kinnex/kinnex_1KGP/data/raw/HG02979/HG02979-J-0.flnc.bam$	TRUE
14289096116	HG02981-J-0.bam	HG02981	TRUE	TRUE	/net/eichler/vol28/projects/long_read_archive/nobackups/sharing/incoming/1KG_Kinnex/SCRI_mergedBams/HG02981-J-0.bam	s3://1000g-ont/Kinnex/kinnex_1KGP/data/raw/HG02981/HG02981-J-0.flnc.bam$	FALSE
14748578620	HG03018-J-0.bam	HG03018	FALSE	TRUE	/net/eichler/vol28/projects/long_read_archive/nobackups/sharing/incoming/1KG_Kinnex/SCRI_mergedBams/HG03018-J-0.bam	s3://1000g-ont/Kinnex/kinnex_1KGP/data/raw/HG03018/HG03018-J-0.flnc.bam$	TRUE
12107394763	HG03019-J-0.bam	HG03019	FALSE	FALSE	/net/eichler/vol28/projects/long_read_archive/nobackups/sharing/incoming/1KG_Kinnex/SCRI_mergedBams/HG03019-J-0.bam	s3://1000g-ont/Kinnex/kinnex_1KGP/data/raw/HG03019/HG03019-J-0.flnc.bam$	FALSE
15383299063	HG03056-W-0.bam	HG03056	FALSE	TRUE	/net/eichler/vol28/projects/long_read_archive/nobackups/sharing/incoming/1KG_Kinnex/SCRI_mergedBams/HG03056-W-0.bam	s3://1000g-ont/Kinnex/kinnex_1KGP/data/raw/HG03056/HG03056-W-0.flnc.bam$	TRUE
13848853039	HG03064-J-0.bam	HG03064	FALSE	FALSE	/net/eichler/vol28/projects/long_read_archive/nobackups/sharing/incoming/1KG_Kinnex/SCRI_mergedBams/HG03064-J-0.bam	s3://1000g-ont/Kinnex/kinnex_1KGP/data/raw/HG03064/HG03064-J-0.flnc.bam$	FALSE
15152523207	HG03066-W-0.bam	HG03066	TRUE	TRUE	/net/eichler/vol28/projects/long_read_archive/nobackups/sharing/incoming/1KG_Kinnex/SCRI_mergedBams/HG03066-W-0.bam	s3://1000g-ont/Kinnex/kinnex_1KGP/data/raw/HG03066/HG03066-W-0.flnc.bam$	FALSE
23421061539	HG03074-W-0.bam	HG03074	FALSE	TRUE	/net/eichler/vol28/projects/long_read_archive/nobackups/sharing/incoming/1KG_Kinnex/SCRI_mergedBams/HG03074-W-0.bam	s3://1000g-ont/Kinnex/kinnex_1KGP/data/raw/HG03074/HG03074-W-0.flnc.bam$	TRUE
15661259175	HG03077-J-0.bam	HG03077	FALSE	TRUE	/net/eichler/vol28/projects/long_read_archive/nobackups/sharing/incoming/1KG_Kinnex/SCRI_mergedBams/HG03077-J-0.bam	s3://1000g-ont/Kinnex/kinnex_1KGP/data/raw/HG03077/HG03077-J-0.flnc.bam$	TRUE
14059532117	HG03101-W-0.bam	HG03101	FALSE	FALSE	/net/eichler/vol28/projects/long_read_archive/nobackups/sharing/incoming/1KG_Kinnex/SCRI_mergedBams/HG03101-W-0.bam	s3://1000g-ont/Kinnex/kinnex_1KGP/data/raw/HG03101/HG03101-W-0.flnc.bam$	FALSE
28979784746	HG03110-W-0.bam	HG03110	FALSE	TRUE	/net/eichler/vol28/projects/long_read_archive/nobackups/sharing/incoming/1KG_Kinnex/SCRI_mergedBams/HG03110-W-0.bam	s3://1000g-ont/Kinnex/kinnex_1KGP/data/raw/HG03110/HG03110-W-0.flnc.bam$	TRUE
12911989880	HG03127-J-0.bam	HG03127	FALSE	TRUE	/net/eichler/vol28/projects/long_read_archive/nobackups/sharing/incoming/1KG_Kinnex/SCRI_mergedBams/HG03127-J-0.bam	s3://1000g-ont/Kinnex/kinnex_1KGP/data/raw/HG03127/HG03127-J-0.flnc.bam$	TRUE
12651535788	HG03128-W-0.bam	HG03128	FALSE	FALSE	/net/eichler/vol28/projects/long_read_archive/nobackups/sharing/incoming/1KG_Kinnex/SCRI_mergedBams/HG03128-W-0.bam	s3://1000g-ont/Kinnex/kinnex_1KGP/data/raw/HG03128/HG03128-W-0.flnc.bam$	FALSE
14618497496	HG03129-J-0.bam	HG03129	FALSE	TRUE	/net/eichler/vol28/projects/long_read_archive/nobackups/sharing/incoming/1KG_Kinnex/SCRI_mergedBams/HG03129-J-0.bam	s3://1000g-ont/Kinnex/kinnex_1KGP/data/raw/HG03129/HG03129-J-0.flnc.bam$	TRUE
14599457178	HG03131-W-0.bam	HG03131	FALSE	FALSE	/net/eichler/vol28/projects/long_read_archive/nobackups/sharing/incoming/1KG_Kinnex/SCRI_mergedBams/HG03131-W-0.bam	s3://1000g-ont/Kinnex/kinnex_1KGP/data/raw/HG03131/HG03131-W-0.flnc.bam$	FALSE
14806026791	HG03135-J-0.bam	HG03135	FALSE	FALSE	/net/eichler/vol28/projects/long_read_archive/nobackups/sharing/incoming/1KG_Kinnex/SCRI_mergedBams/HG03135-J-0.bam	s3://1000g-ont/Kinnex/kinnex_1KGP/data/raw/HG03135/HG03135-J-0.flnc.bam$	FALSE
14995050967	HG03137-W-0.bam	HG03137	FALSE	FALSE	/net/eichler/vol28/projects/long_read_archive/nobackups/sharing/incoming/1KG_Kinnex/SCRI_mergedBams/HG03137-W-0.bam	s3://1000g-ont/Kinnex/kinnex_1KGP/data/raw/HG03137/HG03137-W-0.flnc.bam$	FALSE
15590876705	HG03157-J-0.bam	HG03157	FALSE	TRUE	/net/eichler/vol28/projects/long_read_archive/nobackups/sharing/incoming/1KG_Kinnex/SCRI_mergedBams/HG03157-J-0.bam	s3://1000g-ont/Kinnex/kinnex_1KGP/data/raw/HG03157/HG03157-J-0.flnc.bam$	TRUE
13580252772	HG03160-J-0.bam	HG03160	FALSE	FALSE	/net/eichler/vol28/projects/long_read_archive/nobackups/sharing/incoming/1KG_Kinnex/SCRI_mergedBams/HG03160-J-0.bam	s3://1000g-ont/Kinnex/kinnex_1KGP/data/raw/HG03160/HG03160-J-0.flnc.bam$	FALSE
17164617566	HG03209-J-0.bam	HG03209	FALSE	TRUE	/net/eichler/vol28/projects/long_read_archive/nobackups/sharing/incoming/1KG_Kinnex/SCRI_mergedBams/HG03209-J-0.bam	s3://1000g-ont/Kinnex/kinnex_1KGP/data/raw/HG03209/HG03209-J-0.flnc.bam$	TRUE
36638669632	HG03268-J-0.bam	HG03268	FALSE	TRUE	/net/eichler/vol28/projects/long_read_archive/nobackups/sharing/incoming/1KG_Kinnex/SCRI_mergedBams/HG03268-J-0.bam	s3://1000g-ont/Kinnex/kinnex_1KGP/data/raw/HG03268/HG03268-J-0.flnc.bam$	TRUE
14591608019	HG03376-W-0.bam	HG03376	FALSE	TRUE	/net/eichler/vol28/projects/long_read_archive/nobackups/sharing/incoming/1KG_Kinnex/SCRI_mergedBams/HG03376-W-0.bam	s3://1000g-ont/Kinnex/kinnex_1KGP/data/raw/HG03376/HG03376-W-0.flnc.bam$	TRUE
16578606111	HG03380-J-0.bam	HG03380	FALSE	TRUE	/net/eichler/vol28/projects/long_read_archive/nobackups/sharing/incoming/1KG_Kinnex/SCRI_mergedBams/HG03380-J-0.bam	s3://1000g-ont/Kinnex/kinnex_1KGP/data/raw/HG03380/HG03380-J-0.flnc.bam$	TRUE
19104520679	HG03383-W-0.bam	HG03383	FALSE	TRUE	/net/eichler/vol28/projects/long_read_archive/nobackups/sharing/incoming/1KG_Kinnex/SCRI_mergedBams/HG03383-W-0.bam	s3://1000g-ont/Kinnex/kinnex_1KGP/data/raw/HG03383/HG03383-W-0.flnc.bam$	TRUE
12547439654	HG03397-J-0.bam	HG03397	TRUE	FALSE	/net/eichler/vol28/projects/long_read_archive/nobackups/sharing/incoming/1KG_Kinnex/SCRI_mergedBams/HG03397-J-0.bam	s3://1000g-ont/Kinnex/kinnex_1KGP/data/raw/HG03397/HG03397-J-0.flnc.bam$	FALSE
12146210142	HG03401-J-0.bam	HG03401	FALSE	FALSE	/net/eichler/vol28/projects/long_read_archive/nobackups/sharing/incoming/1KG_Kinnex/SCRI_mergedBams/HG03401-J-0.bam	s3://1000g-ont/Kinnex/kinnex_1KGP/data/raw/HG03401/HG03401-J-0.flnc.bam$	FALSE
19199631812	HG03431-W-0.bam	HG03431	FALSE	TRUE	/net/eichler/vol28/projects/long_read_archive/nobackups/sharing/incoming/1KG_Kinnex/SCRI_mergedBams/HG03431-W-0.bam	s3://1000g-ont/Kinnex/kinnex_1KGP/data/raw/HG03431/HG03431-W-0.flnc.bam$	TRUE
14518506011	HG03446-J-0.bam	HG03446	FALSE	FALSE	/net/eichler/vol28/projects/long_read_archive/nobackups/sharing/incoming/1KG_Kinnex/SCRI_mergedBams/HG03446-J-0.bam	s3://1000g-ont/Kinnex/kinnex_1KGP/data/raw/HG03446/HG03446-J-0.flnc.bam$	FALSE
13509780703	HG03451-W-0.bam	HG03451	FALSE	TRUE	/net/eichler/vol28/projects/long_read_archive/nobackups/sharing/incoming/1KG_Kinnex/SCRI_mergedBams/HG03451-W-0.bam	s3://1000g-ont/Kinnex/kinnex_1KGP/data/raw/HG03451/HG03451-W-0.flnc.bam$	TRUE
14138403753	HG03460-J-0.bam	HG03460	FALSE	TRUE	/net/eichler/vol28/projects/long_read_archive/nobackups/sharing/incoming/1KG_Kinnex/SCRI_mergedBams/HG03460-J-0.bam	s3://1000g-ont/Kinnex/kinnex_1KGP/data/raw/HG03460/HG03460-J-0.flnc.bam$	TRUE
21797729209	HG03461-J-0.bam	HG03461	FALSE	TRUE	/net/eichler/vol28/projects/long_read_archive/nobackups/sharing/incoming/1KG_Kinnex/SCRI_mergedBams/HG03461-J-0.bam	s3://1000g-ont/Kinnex/kinnex_1KGP/data/raw/HG03461/HG03461-J-0.flnc.bam$	TRUE
15806403482	HG03478-J-0.bam	HG03478	FALSE	FALSE	/net/eichler/vol28/projects/long_read_archive/nobackups/sharing/incoming/1KG_Kinnex/SCRI_mergedBams/HG03478-J-0.bam	s3://1000g-ont/Kinnex/kinnex_1KGP/data/raw/HG03478/HG03478-J-0.flnc.bam$	FALSE
15909815947	HG03480-W-0.bam	HG03480	FALSE	TRUE	/net/eichler/vol28/projects/long_read_archive/nobackups/sharing/incoming/1KG_Kinnex/SCRI_mergedBams/HG03480-W-0.bam	s3://1000g-ont/Kinnex/kinnex_1KGP/data/raw/HG03480/HG03480-W-0.flnc.bam$	TRUE
12867745213	HG03485-J-0.bam	HG03485	FALSE	FALSE	/net/eichler/vol28/projects/long_read_archive/nobackups/sharing/incoming/1KG_Kinnex/SCRI_mergedBams/HG03485-J-0.bam	s3://1000g-ont/Kinnex/kinnex_1KGP/data/raw/HG03485/HG03485-J-0.flnc.bam$	FALSE
12624077244	HG03491-J-0.bam	HG03491	FALSE	FALSE	/net/eichler/vol28/projects/long_read_archive/nobackups/sharing/incoming/1KG_Kinnex/SCRI_mergedBams/HG03491-J-0.bam	s3://1000g-ont/Kinnex/kinnex_1KGP/data/raw/HG03491/HG03491-J-0.flnc.bam$	FALSE
13223802602	HG03514-J-0.bam	HG03514	FALSE	FALSE	/net/eichler/vol28/projects/long_read_archive/nobackups/sharing/incoming/1KG_Kinnex/SCRI_mergedBams/HG03514-J-0.bam	s3://1000g-ont/Kinnex/kinnex_1KGP/data/raw/HG03514/HG03514-J-0.flnc.bam$	FALSE
19310185391	HG03520-J-0.bam	HG03520	FALSE	TRUE	/net/eichler/vol28/projects/long_read_archive/nobackups/sharing/incoming/1KG_Kinnex/SCRI_mergedBams/HG03520-J-0.bam	s3://1000g-ont/Kinnex/kinnex_1KGP/data/raw/HG03520/HG03520-J-0.flnc.bam$	TRUE
17979586896	HG03521-J-0.bam	HG03521	FALSE	TRUE	/net/eichler/vol28/projects/long_read_archive/nobackups/sharing/incoming/1KG_Kinnex/SCRI_mergedBams/HG03521-J-0.bam	s3://1000g-ont/Kinnex/kinnex_1KGP/data/raw/HG03521/HG03521-J-0.flnc.bam$	TRUE
13858280202	HG03556-W-0.bam	HG03556	FALSE	FALSE	/net/eichler/vol28/projects/long_read_archive/nobackups/sharing/incoming/1KG_Kinnex/SCRI_mergedBams/HG03556-W-0.bam	s3://1000g-ont/Kinnex/kinnex_1KGP/data/raw/HG03556/HG03556-W-0.flnc.bam$	FALSE
13947393475	HG03558-J-0.bam	HG03558	FALSE	FALSE	/net/eichler/vol28/projects/long_read_archive/nobackups/sharing/incoming/1KG_Kinnex/SCRI_mergedBams/HG03558-J-0.bam	s3://1000g-ont/Kinnex/kinnex_1KGP/data/raw/HG03558/HG03558-J-0.flnc.bam$	FALSE
14997767404	HG03565-W-0.bam	HG03565	FALSE	FALSE	/net/eichler/vol28/projects/long_read_archive/nobackups/sharing/incoming/1KG_Kinnex/SCRI_mergedBams/HG03565-W-0.bam	s3://1000g-ont/Kinnex/kinnex_1KGP/data/raw/HG03565/HG03565-W-0.flnc.bam$	FALSE
18324624919	HG03578-J-0.bam	HG03578	FALSE	TRUE	/net/eichler/vol28/projects/long_read_archive/nobackups/sharing/incoming/1KG_Kinnex/SCRI_mergedBams/HG03578-J-0.bam	s3://1000g-ont/Kinnex/kinnex_1KGP/data/raw/HG03578/HG03578-J-0.flnc.bam$	TRUE
15840465601	HG03584-W-0.bam	HG03584	FALSE	TRUE	/net/eichler/vol28/projects/long_read_archive/nobackups/sharing/incoming/1KG_Kinnex/SCRI_mergedBams/HG03584-W-0.bam	s3://1000g-ont/Kinnex/kinnex_1KGP/data/raw/HG03584/HG03584-W-0.flnc.bam$	TRUE
13577119363	HG03585-J-0.bam	HG03585	FALSE	TRUE	/net/eichler/vol28/projects/long_read_archive/nobackups/sharing/incoming/1KG_Kinnex/SCRI_mergedBams/HG03585-J-0.bam	s3://1000g-ont/Kinnex/kinnex_1KGP/data/raw/HG03585/HG03585-J-0.flnc.bam$	TRUE
15933875774	HG03594-J-0.bam	HG03594	FALSE	TRUE	/net/eichler/vol28/projects/long_read_archive/nobackups/sharing/incoming/1KG_Kinnex/SCRI_mergedBams/HG03594-J-0.bam	s3://1000g-ont/Kinnex/kinnex_1KGP/data/raw/HG03594/HG03594-J-0.flnc.bam$	TRUE
13432034494	HG03595-J-0.bam	HG03595	FALSE	FALSE	/net/eichler/vol28/projects/long_read_archive/nobackups/sharing/incoming/1KG_Kinnex/SCRI_mergedBams/HG03595-J-0.bam	s3://1000g-ont/Kinnex/kinnex_1KGP/data/raw/HG03595/HG03595-J-0.flnc.bam$	FALSE
14192903609	HG03598-J-0.bam	HG03598	FALSE	FALSE	/net/eichler/vol28/projects/long_read_archive/nobackups/sharing/incoming/1KG_Kinnex/SCRI_mergedBams/HG03598-J-0.bam	s3://1000g-ont/Kinnex/kinnex_1KGP/data/raw/HG03598/HG03598-J-0.flnc.bam$	FALSE
19516532863	HG03604-J-0.bam	HG03604	FALSE	TRUE	/net/eichler/vol28/projects/long_read_archive/nobackups/sharing/incoming/1KG_Kinnex/SCRI_mergedBams/HG03604-J-0.bam	s3://1000g-ont/Kinnex/kinnex_1KGP/data/raw/HG03604/HG03604-J-0.flnc.bam$	TRUE
14032515906	HG03606-W-0.bam	HG03606	FALSE	FALSE	/net/eichler/vol28/projects/long_read_archive/nobackups/sharing/incoming/1KG_Kinnex/SCRI_mergedBams/HG03606-W-0.bam	s3://1000g-ont/Kinnex/kinnex_1KGP/data/raw/HG03606/HG03606-W-0.flnc.bam$	FALSE
16217895296	HG03631-J-0.bam	HG03631	FALSE	FALSE	/net/eichler/vol28/projects/long_read_archive/nobackups/sharing/incoming/1KG_Kinnex/SCRI_mergedBams/HG03631-J-0.bam	s3://1000g-ont/Kinnex/kinnex_1KGP/data/raw/HG03631/HG03631-J-0.flnc.bam$	FALSE
11357085626	HG03646-J-0.bam	HG03646	FALSE	FALSE	/net/eichler/vol28/projects/long_read_archive/nobackups/sharing/incoming/1KG_Kinnex/SCRI_mergedBams/HG03646-J-0.bam	s3://1000g-ont/Kinnex/kinnex_1KGP/data/raw/HG03646/HG03646-J-0.flnc.bam$	FALSE
15565780081	HG03668-J-0.bam	HG03668	FALSE	TRUE	/net/eichler/vol28/projects/long_read_archive/nobackups/sharing/incoming/1KG_Kinnex/SCRI_mergedBams/HG03668-J-0.bam	s3://1000g-ont/Kinnex/kinnex_1KGP/data/raw/HG03668/HG03668-J-0.flnc.bam$	TRUE
13699855897	HG03679-W-0.bam	HG03679	FALSE	FALSE	/net/eichler/vol28/projects/long_read_archive/nobackups/sharing/incoming/1KG_Kinnex/SCRI_mergedBams/HG03679-W-0.bam	s3://1000g-ont/Kinnex/kinnex_1KGP/data/raw/HG03679/HG03679-W-0.flnc.bam$	FALSE
11229331597	HG03709-J-0.bam	HG03709	FALSE	TRUE	/net/eichler/vol28/projects/long_read_archive/nobackups/sharing/incoming/1KG_Kinnex/SCRI_mergedBams/HG03709-J-0.bam	s3://1000g-ont/Kinnex/kinnex_1KGP/data/raw/HG03709/HG03709-J-0.flnc.bam$	TRUE
13052578708	HG03714-J-0.bam	HG03714	FALSE	FALSE	/net/eichler/vol28/projects/long_read_archive/nobackups/sharing/incoming/1KG_Kinnex/SCRI_mergedBams/HG03714-J-0.bam	s3://1000g-ont/Kinnex/kinnex_1KGP/data/raw/HG03714/HG03714-J-0.flnc.bam$	FALSE
19849647509	HG03717-J-0.bam	HG03717	FALSE	TRUE	/net/eichler/vol28/projects/long_read_archive/nobackups/sharing/incoming/1KG_Kinnex/SCRI_mergedBams/HG03717-J-0.bam	s3://1000g-ont/Kinnex/kinnex_1KGP/data/raw/HG03717/HG03717-J-0.flnc.bam$	TRUE
13758512327	HG03727-J-0.bam	HG03727	FALSE	TRUE	/net/eichler/vol28/projects/long_read_archive/nobackups/sharing/incoming/1KG_Kinnex/SCRI_mergedBams/HG03727-J-0.bam	s3://1000g-ont/Kinnex/kinnex_1KGP/data/raw/HG03727/HG03727-J-0.flnc.bam$	TRUE
15352219670	HG03730-J-0.bam	HG03730	FALSE	TRUE	/net/eichler/vol28/projects/long_read_archive/nobackups/sharing/incoming/1KG_Kinnex/SCRI_mergedBams/HG03730-J-0.bam	s3://1000g-ont/Kinnex/kinnex_1KGP/data/raw/HG03730/HG03730-J-0.flnc.bam$	TRUE
13635772610	HG03736-J-0.bam	HG03736	FALSE	TRUE	/net/eichler/vol28/projects/long_read_archive/nobackups/sharing/incoming/1KG_Kinnex/SCRI_mergedBams/HG03736-J-0.bam	s3://1000g-ont/Kinnex/kinnex_1KGP/data/raw/HG03736/HG03736-J-0.flnc.bam$	TRUE
13537406903	HG03738-J-0.bam	HG03738	FALSE	FALSE	/net/eichler/vol28/projects/long_read_archive/nobackups/sharing/incoming/1KG_Kinnex/SCRI_mergedBams/HG03738-J-0.bam	s3://1000g-ont/Kinnex/kinnex_1KGP/data/raw/HG03738/HG03738-J-0.flnc.bam$	FALSE
14885574356	HG03770-J-0.bam	HG03770	FALSE	TRUE	/net/eichler/vol28/projects/long_read_archive/nobackups/sharing/incoming/1KG_Kinnex/SCRI_mergedBams/HG03770-J-0.bam	s3://1000g-ont/Kinnex/kinnex_1KGP/data/raw/HG03770/HG03770-J-0.flnc.bam$	TRUE
13930205488	HG03795-W-0.bam	HG03795	FALSE	FALSE	/net/eichler/vol28/projects/long_read_archive/nobackups/sharing/incoming/1KG_Kinnex/SCRI_mergedBams/HG03795-W-0.bam	s3://1000g-ont/Kinnex/kinnex_1KGP/data/raw/HG03795/HG03795-W-0.flnc.bam$	FALSE
13876544080	HG03798-W-0.bam	HG03798	FALSE	TRUE	/net/eichler/vol28/projects/long_read_archive/nobackups/sharing/incoming/1KG_Kinnex/SCRI_mergedBams/HG03798-W-0.bam	s3://1000g-ont/Kinnex/kinnex_1KGP/data/raw/HG03798/HG03798-W-0.flnc.bam$	TRUE
14823926030	HG03801-W-0.bam	HG03801	FALSE	TRUE	/net/eichler/vol28/projects/long_read_archive/nobackups/sharing/incoming/1KG_Kinnex/SCRI_mergedBams/HG03801-W-0.bam	s3://1000g-ont/Kinnex/kinnex_1KGP/data/raw/HG03801/HG03801-W-0.flnc.bam$	TRUE
14288585031	HG03826-J-0.bam	HG03826	FALSE	FALSE	/net/eichler/vol28/projects/long_read_archive/nobackups/sharing/incoming/1KG_Kinnex/SCRI_mergedBams/HG03826-J-0.bam	s3://1000g-ont/Kinnex/kinnex_1KGP/data/raw/HG03826/HG03826-J-0.flnc.bam$	FALSE
16828669326	HG03861-J-0.bam	HG03861	FALSE	TRUE	/net/eichler/vol28/projects/long_read_archive/nobackups/sharing/incoming/1KG_Kinnex/SCRI_mergedBams/HG03861-J-0.bam	s3://1000g-ont/Kinnex/kinnex_1KGP/data/raw/HG03861/HG03861-J-0.flnc.bam$	TRUE
16041035113	HG03868-J-0.bam	HG03868	FALSE	TRUE	/net/eichler/vol28/projects/long_read_archive/nobackups/sharing/incoming/1KG_Kinnex/SCRI_mergedBams/HG03868-J-0.bam	s3://1000g-ont/Kinnex/kinnex_1KGP/data/raw/HG03868/HG03868-J-0.flnc.bam$	TRUE
14371602482	HG03888-J-0.bam	HG03888	FALSE	TRUE	/net/eichler/vol28/projects/long_read_archive/nobackups/sharing/incoming/1KG_Kinnex/SCRI_mergedBams/HG03888-J-0.bam	s3://1000g-ont/Kinnex/kinnex_1KGP/data/raw/HG03888/HG03888-J-0.flnc.bam$	TRUE
14278293901	HG03898-J-0.bam	HG03898	FALSE	FALSE	/net/eichler/vol28/projects/long_read_archive/nobackups/sharing/incoming/1KG_Kinnex/SCRI_mergedBams/HG03898-J-0.bam	s3://1000g-ont/Kinnex/kinnex_1KGP/data/raw/HG03898/HG03898-J-0.flnc.bam$	FALSE
14558992460	HG03900-J-0.bam	HG03900	FALSE	TRUE	/net/eichler/vol28/projects/long_read_archive/nobackups/sharing/incoming/1KG_Kinnex/SCRI_mergedBams/HG03900-J-0.bam	s3://1000g-ont/Kinnex/kinnex_1KGP/data/raw/HG03900/HG03900-J-0.flnc.bam$	TRUE
14521897537	HG03915-W-0.bam	HG03915	FALSE	FALSE	/net/eichler/vol28/projects/long_read_archive/nobackups/sharing/incoming/1KG_Kinnex/SCRI_mergedBams/HG03915-W-0.bam	s3://1000g-ont/Kinnex/kinnex_1KGP/data/raw/HG03915/HG03915-W-0.flnc.bam$	FALSE
14774391113	HG03922-J-0.bam	HG03922	FALSE	TRUE	/net/eichler/vol28/projects/long_read_archive/nobackups/sharing/incoming/1KG_Kinnex/SCRI_mergedBams/HG03922-J-0.bam	s3://1000g-ont/Kinnex/kinnex_1KGP/data/raw/HG03922/HG03922-J-0.flnc.bam$	TRUE
12836167040	HG03929-W-0.bam	HG03929	FALSE	TRUE	/net/eichler/vol28/projects/long_read_archive/nobackups/sharing/incoming/1KG_Kinnex/SCRI_mergedBams/HG03929-W-0.bam	s3://1000g-ont/Kinnex/kinnex_1KGP/data/raw/HG03929/HG03929-W-0.flnc.bam$	TRUE
22732807640	HG03930-W-0.bam	HG03930	TRUE	TRUE	/net/eichler/vol28/projects/long_read_archive/nobackups/sharing/incoming/1KG_Kinnex/SCRI_mergedBams/HG03930-W-0.bam	s3://1000g-ont/Kinnex/kinnex_1KGP/data/raw/HG03930/HG03930-W-0.flnc.bam$	FALSE
13421295302	HG03977-J-0.bam	HG03977	TRUE	TRUE	/net/eichler/vol28/projects/long_read_archive/nobackups/sharing/incoming/1KG_Kinnex/SCRI_mergedBams/HG03977-J-0.bam	s3://1000g-ont/Kinnex/kinnex_1KGP/data/raw/HG03977/HG03977-J-0.flnc.bam$	FALSE
13412758842	HG03989-J-0.bam	HG03989	FALSE	TRUE	/net/eichler/vol28/projects/long_read_archive/nobackups/sharing/incoming/1KG_Kinnex/SCRI_mergedBams/HG03989-J-0.bam	s3://1000g-ont/Kinnex/kinnex_1KGP/data/raw/HG03989/HG03989-J-0.flnc.bam$	TRUE
15903557004	HG03991-W-0.bam	HG03991	FALSE	TRUE	/net/eichler/vol28/projects/long_read_archive/nobackups/sharing/incoming/1KG_Kinnex/SCRI_mergedBams/HG03991-W-0.bam	s3://1000g-ont/Kinnex/kinnex_1KGP/data/raw/HG03991/HG03991-W-0.flnc.bam$	TRUE
21400125925	HG03998-J-0.bam	HG03998	FALSE	TRUE	/net/eichler/vol28/projects/long_read_archive/nobackups/sharing/incoming/1KG_Kinnex/SCRI_mergedBams/HG03998-J-0.bam	s3://1000g-ont/Kinnex/kinnex_1KGP/data/raw/HG03998/HG03998-J-0.flnc.bam$	TRUE
14043092655	HG04029-J-0.bam	HG04029	FALSE	TRUE	/net/eichler/vol28/projects/long_read_archive/nobackups/sharing/incoming/1KG_Kinnex/SCRI_mergedBams/HG04029-J-0.bam	s3://1000g-ont/Kinnex/kinnex_1KGP/data/raw/HG04029/HG04029-J-0.flnc.bam$	TRUE
14627898797	HG04047-J-0.bam	HG04047	FALSE	TRUE	/net/eichler/vol28/projects/long_read_archive/nobackups/sharing/incoming/1KG_Kinnex/SCRI_mergedBams/HG04047-J-0.bam	s3://1000g-ont/Kinnex/kinnex_1KGP/data/raw/HG04047/HG04047-J-0.flnc.bam$	TRUE
12703602916	HG04060-J-0.bam	HG04060	FALSE	FALSE	/net/eichler/vol28/projects/long_read_archive/nobackups/sharing/incoming/1KG_Kinnex/SCRI_mergedBams/HG04060-J-0.bam	s3://1000g-ont/Kinnex/kinnex_1KGP/data/raw/HG04060/HG04060-J-0.flnc.bam$	FALSE
19135492182	HG04075-J-0.bam	HG04075	FALSE	TRUE	/net/eichler/vol28/projects/long_read_archive/nobackups/sharing/incoming/1KG_Kinnex/SCRI_mergedBams/HG04075-J-0.bam	s3://1000g-ont/Kinnex/kinnex_1KGP/data/raw/HG04075/HG04075-J-0.flnc.bam$	TRUE
13560334791	HG04156-J-0.bam	HG04156	FALSE	FALSE	/net/eichler/vol28/projects/long_read_archive/nobackups/sharing/incoming/1KG_Kinnex/SCRI_mergedBams/HG04156-J-0.bam	s3://1000g-ont/Kinnex/kinnex_1KGP/data/raw/HG04156/HG04156-J-0.flnc.bam$	FALSE
12263843459	HG04164-J-0.bam	HG04164	FALSE	TRUE	/net/eichler/vol28/projects/long_read_archive/nobackups/sharing/incoming/1KG_Kinnex/SCRI_mergedBams/HG04164-J-0.bam	s3://1000g-ont/Kinnex/kinnex_1KGP/data/raw/HG04164/HG04164-J-0.flnc.bam$	TRUE
13168635162	HG04171-W-0.bam	HG04171	FALSE	FALSE	/net/eichler/vol28/projects/long_read_archive/nobackups/sharing/incoming/1KG_Kinnex/SCRI_mergedBams/HG04171-W-0.bam	s3://1000g-ont/Kinnex/kinnex_1KGP/data/raw/HG04171/HG04171-W-0.flnc.bam$	FALSE
11929797979	HG04185-J-0.bam	HG04185	FALSE	TRUE	/net/eichler/vol28/projects/long_read_archive/nobackups/sharing/incoming/1KG_Kinnex/SCRI_mergedBams/HG04185-J-0.bam	s3://1000g-ont/Kinnex/kinnex_1KGP/data/raw/HG04185/HG04185-J-0.flnc.bam$	TRUE
16615199148	HG04188-J-0.bam	HG04188	FALSE	TRUE	/net/eichler/vol28/projects/long_read_archive/nobackups/sharing/incoming/1KG_Kinnex/SCRI_mergedBams/HG04188-J-0.bam	s3://1000g-ont/Kinnex/kinnex_1KGP/data/raw/HG04188/HG04188-J-0.flnc.bam$	TRUE
14046978804	HG04194-J-0.bam	HG04194	FALSE	TRUE	/net/eichler/vol28/projects/long_read_archive/nobackups/sharing/incoming/1KG_Kinnex/SCRI_mergedBams/HG04194-J-0.bam	s3://1000g-ont/Kinnex/kinnex_1KGP/data/raw/HG04194/HG04194-J-0.flnc.bam$	TRUE
11442126148	HG04195-J-0.bam	HG04195	TRUE	TRUE	/net/eichler/vol28/projects/long_read_archive/nobackups/sharing/incoming/1KG_Kinnex/SCRI_mergedBams/HG04195-J-0.bam	s3://1000g-ont/Kinnex/kinnex_1KGP/data/raw/HG04195/HG04195-J-0.flnc.bam$	FALSE
14111959052	HG04227-J-0.bam	HG04227	FALSE	TRUE	/net/eichler/vol28/projects/long_read_archive/nobackups/sharing/incoming/1KG_Kinnex/SCRI_mergedBams/HG04227-J-0.bam	s3://1000g-ont/Kinnex/kinnex_1KGP/data/raw/HG04227/HG04227-J-0.flnc.bam$	TRUE
15512972502	HG04235-J-0.bam	HG04235	FALSE	TRUE	/net/eichler/vol28/projects/long_read_archive/nobackups/sharing/incoming/1KG_Kinnex/SCRI_mergedBams/HG04235-J-0.bam	s3://1000g-ont/Kinnex/kinnex_1KGP/data/raw/HG04235/HG04235-J-0.flnc.bam$	TRUE
